Ximenes, Xavier de	Ximenes, Xavier de	http://datos.bne.es/resource/XX1497053
Xifré, José	Xifré, José	http://datos.bne.es/resource/XX1497050	http://viaf.org/viaf/67390387
Xifré Mussach, Josep	Xifré, José	http://datos.bne.es/resource/XX1497050	http://viaf.org/viaf/67390387
Xu, Yamin	Xu, Yamin	http://datos.bne.es/resource/XX1061129
Ximénez, Matteo,	Ximénez, Matteo,	http://datos.bne.es/resource/XX1497057
Ximénez, Alfredo	Ximénez, Alfredo	http://datos.bne.es/resource/XX1497054
Xirau Vayreda, María	Xirau Vayreda, María	http://datos.bne.es/resource/XX821319	http://viaf.org/viaf/87607686
Xirau, M.	Xirau Vayreda, María	http://datos.bne.es/resource/XX821319	http://viaf.org/viaf/87607686
Ximeno, D.	Ximeno, D.	http://datos.bne.es/resource/XX1035544	http://viaf.org/viaf/86609434
Jimeno y Jimeno, Pascual-Domingo	Ximeno, D.	http://datos.bne.es/resource/XX1035544	http://viaf.org/viaf/86609434
Ximeno, Pascual-Domingo	Ximeno, D.	http://datos.bne.es/resource/XX1035544	http://viaf.org/viaf/86609434
Xuriguera, Gérard	Xuriguera, Gérard	http://datos.bne.es/resource/XX1125534	http://viaf.org/viaf/81769561	http://d-nb.info/gnd/137598920
Ximénez, Pedro	Ximénez, Pedro	http://datos.bne.es/resource/XX1497058
Xylanier, Karl August Anton Aloys Josef,	Xylanier, Karl August Anton Aloys Josef,	http://datos.bne.es/resource/XX1497198
Ximénez de Embún y Arbex, Miguel Ángel	Ximénez de Embún y Arbex, Miguel Ángel	http://datos.bne.es/resource/XX1497059	http://viaf.org/viaf/73322726
Ximénez de Embún, Miguel Ángel	Ximénez de Embún y Arbex, Miguel Ángel	http://datos.bne.es/resource/XX1497059	http://viaf.org/viaf/73322726
Xiong, Liang	Xiong, Liang	http://datos.bne.es/resource/XX5485385
Liang, Xiong	Xiong, Liang	http://datos.bne.es/resource/XX5485385
Xampeny Izquierdo, Rafael	Xampeny Izquierdo, Rafael	http://datos.bne.es/resource/XX1393786	http://viaf.org/viaf/87156921
Xuewu, Qiu	Xuewu, Qiu	http://datos.bne.es/resource/XX1497193
Xammar, Eugeni	Xammar, Eugeni	http://datos.bne.es/resource/XX1122021	http://viaf.org/viaf/34675637	http://d-nb.info/gnd/122042794
Xammar, Eugenio	Xammar, Eugeni	http://datos.bne.es/resource/XX1122021	http://viaf.org/viaf/34675637	http://d-nb.info/gnd/122042794
Xaubet i Vilanova, Josep	Xaubet i Vilanova, Josep	http://datos.bne.es/resource/XX1782978
Xuclá, Mauricio Manuel	Xuclá, Mauricio Manuel	http://datos.bne.es/resource/XX1497192
Xucar, J. G.	Xucar, J. G.	http://datos.bne.es/resource/XX1497191
Xoka	Xoka	http://datos.bne.es/resource/XX1497190
Xalbador	Xalbador	http://datos.bne.es/resource/XX1092961	http://viaf.org/viaf/38193256
Aire, Ferdinand	Xalbador	http://datos.bne.es/resource/XX1092961	http://viaf.org/viaf/38193256
Aire, Fernando	Xalbador	http://datos.bne.es/resource/XX1092961	http://viaf.org/viaf/38193256
Aire, Ferrando	Xalbador	http://datos.bne.es/resource/XX1092961	http://viaf.org/viaf/38193256
Ximénez de Embún y Ramonell, Joaquín	Ximénez de Embún y Ramonell, Joaquín	http://datos.bne.es/resource/XX1637701
Xenakis, Iannis	Xenakis, Iannis	http://datos.bne.es/resource/XX989712	http://viaf.org/viaf/14960000	http://d-nb.info/gnd/118771566	http://libris.kb.se/resource/auth/212943	http://www.idref.fr/027200558/id	http://dbpedia.org/resource/Iannis_Xenakis
Xenakis, Jannis	Xenakis, Iannis	http://datos.bne.es/resource/XX989712	http://viaf.org/viaf/14960000	http://d-nb.info/gnd/118771566	http://libris.kb.se/resource/auth/212943	http://www.idref.fr/027200558/id	http://dbpedia.org/resource/Iannis_Xenakis
Xenakis, Yannis	Xenakis, Iannis	http://datos.bne.es/resource/XX989712	http://viaf.org/viaf/14960000	http://d-nb.info/gnd/118771566	http://libris.kb.se/resource/auth/212943	http://www.idref.fr/027200558/id	http://dbpedia.org/resource/Iannis_Xenakis
Xu, Xiaobin	Xu, Xiaobin	http://datos.bne.es/resource/XX4985240	http://viaf.org/viaf/95450536	http://d-nb.info/gnd/138829012
Xynocha, Thomassi	Xynocha, Thomassi	http://datos.bne.es/resource/XX1522725
Ximénez de Zenarbe y Biec, Feliciano	Ximénez de Zenarbe y Biec, Feliciano	http://datos.bne.es/resource/XX1497064
Xiqués y Soler, Magín	Xiqués y Soler, Magín	http://datos.bne.es/resource/XX1497067
Xirau, José	Xirau, José	http://datos.bne.es/resource/XX1497068
Xirau, Thomas	Xirau, Thomas	http://datos.bne.es/resource/XX1497069
Xiao, Hong Chi	Xiao, Hong Chi	http://datos.bne.es/resource/XX5212505
Xirivella Miguel, Rosa	Xirivella Miguel, Rosa	http://datos.bne.es/resource/XX1547874	http://viaf.org/viaf/87276951
Xu, Bing	Xu, Bing	http://datos.bne.es/resource/XX1683060
Xulia María	Xulia María	http://datos.bne.es/resource/XX1776924
Barros Villar, Julia	Xulia María	http://datos.bne.es/resource/XX1776924
Xhano	Xhano	http://datos.bne.es/resource/XX1031970	http://viaf.org/viaf/86599870
Serafini Rodríguez, Luis	Xhano	http://datos.bne.es/resource/XX1031970	http://viaf.org/viaf/86599870
Xavier d'Edimburg	Xavier d' Edimburg	http://datos.bne.es/resource/XX1615966	http://viaf.org/viaf/87353296
Marí Mazarico, Javier	Xavier d' Edimburg	http://datos.bne.es/resource/XX1615966	http://viaf.org/viaf/87353296
Xuclà, Antoni	Xuclà, Antoni	http://datos.bne.es/resource/XX1054403	http://dbpedia.org/resource/Toni_Xucl%C3%A0	http://viaf.org/viaf/86653690
Xuclà, Toni	Xuclà, Antoni	http://datos.bne.es/resource/XX1054403	http://dbpedia.org/resource/Toni_Xucl%C3%A0	http://viaf.org/viaf/86653690
Xuclà Galindo, Antonio	Xuclà, Antoni	http://datos.bne.es/resource/XX1054403	http://dbpedia.org/resource/Toni_Xucl%C3%A0	http://viaf.org/viaf/86653690
Xammar, Luis Fabio	Xammar, Luis Fabio	http://datos.bne.es/resource/XX1406395
Xokonoschtletl	Xokonoschtletl	http://datos.bne.es/resource/XX1332847
Xarles Ribas, Francesc Xavier	Xarles Ribas, Francesc Xavier	http://datos.bne.es/resource/XX1532524
Xalma, Cristina	Xalma, Cristina	http://datos.bne.es/resource/XX4610605	http://viaf.org/viaf/90650958
Xanrof, Léon	Xanrof, Léon	http://datos.bne.es/resource/XX1490694	http://viaf.org/viaf/118244541	http://d-nb.info/gnd/141142995	http://libris.kb.se/resource/auth/309492	http://dbpedia.org/resource/Leon_Xanrof
Xicola, Jaume	Xicola, Jaume	http://datos.bne.es/resource/XX1775644
Xicola Cluet, Jaume	Xicola, Jaume	http://datos.bne.es/resource/XX1775644
Xirgu, Margarita	Xirgu, Margarita	http://datos.bne.es/resource/XX979515	http://dbpedia.org/resource/Margarita_Xirgu	http://viaf.org/viaf/946068	http://d-nb.info/gnd/124429661
Xirgu Subirá, Margarita	Xirgu, Margarita	http://datos.bne.es/resource/XX979515	http://dbpedia.org/resource/Margarita_Xirgu	http://viaf.org/viaf/946068	http://d-nb.info/gnd/124429661
Xirgu Subirà, Margarida	Xirgu, Margarita	http://datos.bne.es/resource/XX979515	http://dbpedia.org/resource/Margarita_Xirgu	http://viaf.org/viaf/946068	http://d-nb.info/gnd/124429661
Xarbau, Xavier	Xarbau, Xavier	http://datos.bne.es/resource/XX1693296
Xarriton, Piarres	Xarriton, Piarres	http://datos.bne.es/resource/XX1608407
Ximénez, Raúl	Ximénez, Raúl	http://datos.bne.es/resource/XX1504112
Xingsi, Zhou	Xingsi, Zhou	http://datos.bne.es/resource/XX1791268
Xerez, Joan de	Xerez, Joan de	http://datos.bne.es/resource/XX1532633
Xiriguera, Joan Baptista	Xiriguera, Joan Baptista	http://datos.bne.es/resource/XX1497071
Xirau Icaza, Joaquín	Xirau Icaza, Joaquín	http://datos.bne.es/resource/XX1497070
Xu, Gan	Xu, Gan	http://datos.bne.es/resource/XX5253816
徐, 幹	Xu, Gan	http://datos.bne.es/resource/XX5253816
Ximénez, Andrés	Ximénez, Andrés	http://datos.bne.es/resource/XX1724846	http://viaf.org/viaf/84204552	http://viaf.org/viaf/87483329
Jiménez, Andrés	Ximénez, Andrés	http://datos.bne.es/resource/XX1724846	http://viaf.org/viaf/84204552	http://viaf.org/viaf/87483329
Xalabarder, C.	Xalabarder, C.	http://datos.bne.es/resource/XX1119779	http://viaf.org/viaf/86818148
Xalabarder Puig, Conrad	Xalabarder, C.	http://datos.bne.es/resource/XX1119779	http://viaf.org/viaf/86818148
Xenocrates Chalcedonius	Xenocrates Chalcedonius	http://datos.bne.es/resource/XX4971741	http://viaf.org/viaf/148387695
Xacur Maiza, Juan	Xacur Maiza, Juan	http://datos.bne.es/resource/XX1556358
Xuárez, Alonso	Xuárez, Alonso	http://datos.bne.es/resource/XX1799634	http://viaf.org/viaf/48875861
Suárez, Alonso	Xuárez, Alonso	http://datos.bne.es/resource/XX1799634	http://viaf.org/viaf/48875861
Juárez, Alonso	Xuárez, Alonso	http://datos.bne.es/resource/XX1799634	http://viaf.org/viaf/48875861
Juares, Alonso	Xuárez, Alonso	http://datos.bne.es/resource/XX1799634	http://viaf.org/viaf/48875861
Xochitiotzin Ortega, Citlali	Xochitiotzin Ortega, Citlali	http://datos.bne.es/resource/XX1579877
X. y Z.	X. y Z.	http://datos.bne.es/resource/XX4604567
Xiró, Buenaventura	Xiró, Buenaventura	http://datos.bne.es/resource/XX1497187
Xarrié, Mireia	Xarrié, Mireia	http://datos.bne.es/resource/XX1718167
Xirau, Ramon	Xirau, Ramon	http://datos.bne.es/resource/XX1125297	http://viaf.org/viaf/27080335	http://d-nb.info/gnd/11910718X	http://dbpedia.org/resource/Ram%C3%B3n_Xirau
Xirau Subias, Ramon	Xirau, Ramon	http://datos.bne.es/resource/XX1125297	http://viaf.org/viaf/27080335	http://d-nb.info/gnd/11910718X	http://dbpedia.org/resource/Ram%C3%B3n_Xirau
Xenakis, David	Xenakis, David	http://datos.bne.es/resource/XX1399564
Xu, Yi-bing	Xu, Yi bing	http://datos.bne.es/resource/XX4950324
Xyngopoulos, Andreas	Xyngopoulos, Andreas	http://datos.bne.es/resource/XX1763252	http://viaf.org/viaf/49268300	http://d-nb.info/gnd/124178782	http://www.idref.fr/030334802/id
Xyngopoulos, A.	Xyngopoulos, Andreas	http://datos.bne.es/resource/XX1763252	http://viaf.org/viaf/49268300	http://d-nb.info/gnd/124178782	http://www.idref.fr/030334802/id
Xovellanos, Xosefa	Xovellanos, Xosefa	http://datos.bne.es/resource/XX1179400	http://viaf.org/viaf/58916505	http://d-nb.info/gnd/1012125408
Xuárez, Fernán	Xuárez, Fernán	http://datos.bne.es/resource/XX5374678	http://viaf.org/viaf/69982774
Juárez, Fernán	Xuárez, Fernán	http://datos.bne.es/resource/XX5374678	http://viaf.org/viaf/69982774
Xuaresius, Ferdinandus	Xuárez, Fernán	http://datos.bne.es/resource/XX5374678	http://viaf.org/viaf/69982774
Xuaresio, Ferdinando	Xuárez, Fernán	http://datos.bne.es/resource/XX5374678	http://viaf.org/viaf/69982774
Xicoy Forgas, Joaquín	Xicoy Forgas, Joaquín	http://datos.bne.es/resource/XX1162505
Xhafa, Fatos	Xhafa, Fatos	http://datos.bne.es/resource/XX1173769	http://viaf.org/viaf/39204902	http://d-nb.info/gnd/136153305
Xhafa, F.	Xhafa, Fatos	http://datos.bne.es/resource/XX1173769	http://viaf.org/viaf/39204902	http://d-nb.info/gnd/136153305
X***	X***	http://datos.bne.es/resource/XX1497018
Xifra Heras, Jorge	Xifra Heras, Jorge	http://datos.bne.es/resource/XX1162509
Xevi	Xevi	http://datos.bne.es/resource/XX1012378	http://viaf.org/viaf/42516365	http://viaf.org/viaf/142597864
Sala Costa, Xavier	Xevi	http://datos.bne.es/resource/XX1012378	http://viaf.org/viaf/42516365	http://viaf.org/viaf/142597864
Sala i Costa, Xavier	Xevi	http://datos.bne.es/resource/XX1012378	http://viaf.org/viaf/42516365	http://viaf.org/viaf/142597864
Sala, Xavier 	Xevi	http://datos.bne.es/resource/XX1012378	http://viaf.org/viaf/42516365	http://viaf.org/viaf/142597864
Ximénez, Eduardo	Ximénez, Eduardo	http://datos.bne.es/resource/XX1707826	http://viaf.org/viaf/87449707
Jiménez, Eduardo	Ximénez, Eduardo	http://datos.bne.es/resource/XX1707826	http://viaf.org/viaf/87449707
Jiménez Cos, Eduardo	Ximénez, Eduardo	http://datos.bne.es/resource/XX1707826	http://viaf.org/viaf/87449707
Xifré, Joseph	Xifré, Joseph	http://datos.bne.es/resource/XX1639573
Ximénez de Embún, Joaquín	Ximénez de Embún, Joaquín	http://datos.bne.es/resource/XX1149994	http://viaf.org/viaf/86886116
Jiménez de Embún, Joaquín	Ximénez de Embún, Joaquín	http://datos.bne.es/resource/XX1149994	http://viaf.org/viaf/86886116
Ximénez de Embún y González Arnao, Joaquín	Ximénez de Embún, Joaquín	http://datos.bne.es/resource/XX1149994	http://viaf.org/viaf/86886116
Ximénez de Embún y González-Arnao, Joaquín	Ximénez de Embún, Joaquín	http://datos.bne.es/resource/XX1149994	http://viaf.org/viaf/86886116
Xandró, Mauricio	Xandró, Mauricio	http://datos.bne.es/resource/XX1719790	http://viaf.org/viaf/16101245
Xandró, M.	Xandró, Mauricio	http://datos.bne.es/resource/XX1719790	http://viaf.org/viaf/16101245
Ximénez y Hoyo, Manuel	Ximénez y Hoyo, Manuel	http://datos.bne.es/resource/XX1671877
Xamena, Francisca	Xamena, Francisca	http://datos.bne.es/resource/XX1497026
Xalabarder y Serra, Eduardo	Xalabarder y Serra, Eduardo	http://datos.bne.es/resource/XX1497025	http://viaf.org/viaf/187375543
Xalabarder, E.	Xalabarder y Serra, Eduardo	http://datos.bne.es/resource/XX1497025	http://viaf.org/viaf/187375543
Xalabarder i Serra, Eduard	Xalabarder y Serra, Eduardo	http://datos.bne.es/resource/XX1497025	http://viaf.org/viaf/187375543
Xalabarder Serra, Eduard	Xalabarder y Serra, Eduardo	http://datos.bne.es/resource/XX1497025	http://viaf.org/viaf/187375543
Xancó, Alfonso	Xancó, Alfonso	http://datos.bne.es/resource/XX1497027
Ximénez, Damián	Ximénez, Damián	http://datos.bne.es/resource/XX1162518	http://viaf.org/viaf/55832611	http://viaf.org/viaf/256748817
Ximénez Estrada, Carlos	Ximénez Estrada, Carlos	http://datos.bne.es/resource/XX1502046
Xaudaró, Enrique	Xaudaró, Enrique	http://datos.bne.es/resource/XX1497029
Xubero, Luis	Xubero, Luis	http://datos.bne.es/resource/XX1292374	http://viaf.org/viaf/87054949
XIM	XIM	http://datos.bne.es/resource/XX850295	http://viaf.org/viaf/87682033
Xosé Lois	Xosé Lois	http://datos.bne.es/resource/XX929804	http://viaf.org/viaf/87873375
Vázquez, Xosé Lois	Xosé Lois	http://datos.bne.es/resource/XX929804	http://viaf.org/viaf/87873375
Carrabouxo	Xosé Lois	http://datos.bne.es/resource/XX929804	http://viaf.org/viaf/87873375
González Vázquez, Xosé Lois	Xosé Lois	http://datos.bne.es/resource/XX929804	http://viaf.org/viaf/87873375
Lois, Xosé	Xosé Lois	http://datos.bne.es/resource/XX929804	http://viaf.org/viaf/87873375
Xie, Zhufan	Xie, Zhufan	http://datos.bne.es/resource/XX4423902
X. de X.	X. de X.	http://datos.bne.es/resource/XX1497020
Xabregas, Joaquim	Xabregas, Joaquim	http://datos.bne.es/resource/XX1497021
Xi, Jinping	Xi, Jinping	http://datos.bne.es/resource/XX5484765
習近平	Xi, Jinping	http://datos.bne.es/resource/XX5484765
习近平	Xi, Jinping	http://datos.bne.es/resource/XX5484765
Xí, Jìnpíng	Xi, Jinping	http://datos.bne.es/resource/XX5484765
ɕǐ tɕînpʰǐŋ	Xi, Jinping	http://datos.bne.es/resource/XX5484765
Xiqués Triquell, Jordi	Xiqués Triquell, Jordi	http://datos.bne.es/resource/XX889493	http://viaf.org/viaf/87774923	http://viaf.org/viaf/307164750
Xiqués, Jordi	Xiqués Triquell, Jordi	http://datos.bne.es/resource/XX889493	http://viaf.org/viaf/87774923	http://viaf.org/viaf/307164750
Ximénez, Antonio Eduardo	Ximénez, Antonio Eduardo	http://datos.bne.es/resource/XX1765893
Xanthorus, Maximus	Xanthorus, Maximus	http://datos.bne.es/resource/XX1765892
Ximénez Sarmiento, José	Ximénez Sarmiento, José	http://datos.bne.es/resource/XX1765895
Xulve, Pedro	Xulve, Pedro	http://datos.bne.es/resource/XX1765897
Xalabarder, Ferran	Xalabarder, Ferran	http://datos.bne.es/resource/XX1162423
Xil Xardón, Xabier	Xil Xardón, Xabier	http://datos.bne.es/resource/XX4763014	http://viaf.org/viaf/168920727
Xholi, Zija	Xholi, Zija	http://datos.bne.es/resource/XX1466491
Xenes, Nieves	Xenes, Nieves	http://datos.bne.es/resource/XX1497039
Xavier, Raul	Xavier, Raul	http://datos.bne.es/resource/XX1497038
Xavier, Paul	Xavier, Paul	http://datos.bne.es/resource/XX1497037
Xavier, Alberto	Xavier, Alberto	http://datos.bne.es/resource/XX1497036
Xaudaró, Ramón	Xaudaró, Ramón	http://datos.bne.es/resource/XX1497035
Xan	Xan	http://datos.bne.es/resource/XX1676457	http://viaf.org/viaf/87414132
García Domínguez, Juan José	Xan	http://datos.bne.es/resource/XX1676457	http://viaf.org/viaf/87414132
Xarrié Sentí, Alfonso	Xarrié Sentí, Alfonso	http://datos.bne.es/resource/XX1497034
Xirau Iglesias, Andrés	Xirau Iglesias, Andrés	http://datos.bne.es/resource/XX1536891
Xambó, Rafael	Xambó, Rafael	http://datos.bne.es/resource/XX999368	http://viaf.org/viaf/3957673
Xambó i Olmos, Rafael	Xambó, Rafael	http://datos.bne.es/resource/XX999368	http://viaf.org/viaf/3957673
Xambó Olmos, Rafael	Xambó, Rafael	http://datos.bne.es/resource/XX999368	http://viaf.org/viaf/3957673
Xandri Algué, Juan	Xandri Algué, Juan	http://datos.bne.es/resource/XX1497030
Xiong, Changyi	Xiong, Changyi	http://datos.bne.es/resource/XX1791317
Xipenko, Alexei	Xipenko, Alexei	http://datos.bne.es/resource/XX1581985
Ximénez, Eusebio	Ximénez, Eusebio	http://datos.bne.es/resource/XX1610525
Jiménez, Eusebio	Ximénez, Eusebio	http://datos.bne.es/resource/XX1610525
Ximénez de Guzmán, Antonio Agustín	Ximénez de Guzmán, Antonio Agustín	http://datos.bne.es/resource/XX1678239
Ximénez de Guzmán	Ximénez de Guzmán, Antonio Agustín	http://datos.bne.es/resource/XX1678239
Xiaoxiaosheng	Xiaoxiaosheng	http://datos.bne.es/resource/XX4721511	http://viaf.org/viaf/173494907	http://viaf.org/viaf/43084014
El Erudito de las Carcajadas de Langling	Xiaoxiaosheng	http://datos.bne.es/resource/XX4721511	http://viaf.org/viaf/173494907	http://viaf.org/viaf/43084014
Hsiao-hsiao-sheng	Xiaoxiaosheng	http://datos.bne.es/resource/XX4721511	http://viaf.org/viaf/173494907	http://viaf.org/viaf/43084014
Sososaeng	Xiaoxiaosheng	http://datos.bne.es/resource/XX4721511	http://viaf.org/viaf/173494907	http://viaf.org/viaf/43084014
Xiao Xiao Sheng	Xiaoxiaosheng	http://datos.bne.es/resource/XX4721511	http://viaf.org/viaf/173494907	http://viaf.org/viaf/43084014
笑笑生	Xiaoxiaosheng	http://datos.bne.es/resource/XX4721511	http://viaf.org/viaf/173494907	http://viaf.org/viaf/43084014
Erudito de las Carcajadas de Langling	Xiaoxiaosheng	http://datos.bne.es/resource/XX4721511	http://viaf.org/viaf/173494907	http://viaf.org/viaf/43084014
Xardel, Dominique	Xardel, Dominique	http://datos.bne.es/resource/XX1174991
Xérica, Ramón de	Xérica, Ramón de	http://datos.bne.es/resource/XX996809
Xifré Casas, José	Xifré Casas, José	http://datos.bne.es/resource/XX1408611
Xambo Descamps, Sebastián	Xambo Descamps, Sebastián	http://datos.bne.es/resource/XX1120189	http://viaf.org/viaf/41594781	http://viaf.org/viaf/263003356
Descamps, Sebastián	Xambo Descamps, Sebastián	http://datos.bne.es/resource/XX1120189	http://viaf.org/viaf/41594781	http://viaf.org/viaf/263003356
Xambo Descamps, S.	Xambo Descamps, Sebastián	http://datos.bne.es/resource/XX1120189	http://viaf.org/viaf/41594781	http://viaf.org/viaf/263003356
Xalón, Sebastián	Xalón, Sebastián	http://datos.bne.es/resource/XX1771884	http://viaf.org/viaf/87553868
Ximénez Marcilla Torre, Juan Antonio	Ximénez Marcilla Torre, Juan Antonio	http://datos.bne.es/resource/XX1162535
Ximénez, Francisco	Ximénez, Francisco	http://datos.bne.es/resource/XX1122987	http://viaf.org/viaf/14805551
Ximénez, Francisco de	Ximénez, Francisco	http://datos.bne.es/resource/XX1122987	http://viaf.org/viaf/14805551
Ximénez Samaniego, José	Ximénez Samaniego, José	http://datos.bne.es/resource/XX1162536
Ximénez de Samaniego, José	Ximénez Samaniego, José	http://datos.bne.es/resource/XX1162536
Xicota, Miguel	Xicota, Miguel	http://datos.bne.es/resource/XX1568637
Xicota Cabre, José M.	Xicota Cabre, José M.	http://datos.bne.es/resource/XX1497048
Xinran	Xinran	http://datos.bne.es/resource/XX1539982	http://viaf.org/viaf/71615604	http://d-nb.info/gnd/128358858	http://www.idref.fr/070752516/id	http://libris.kb.se/resource/auth/220672	http://dbpedia.org/resource/Xue_Xinran
Xinran, Xue	Xinran	http://datos.bne.es/resource/XX1539982	http://viaf.org/viaf/71615604	http://d-nb.info/gnd/128358858	http://www.idref.fr/070752516/id	http://libris.kb.se/resource/auth/220672	http://dbpedia.org/resource/Xue_Xinran
Xérica, Pablo de	Xérica, Pablo de	http://datos.bne.es/resource/XX1497044
X. Y. Z.	X. Y. Z.	http://datos.bne.es/resource/XX1259955
Xercavins, Francisco de Paula	Xercavins, Francisco de Paula	http://datos.bne.es/resource/XX1497043
Xargay, Emília	Xargay, Emília	http://datos.bne.es/resource/XX1122154	http://viaf.org/viaf/89871430	http://d-nb.info/gnd/138313245	http://viaf.org/viaf/213326358
Xargay i Pagès, Emília	Xargay, Emília	http://datos.bne.es/resource/XX1122154	http://viaf.org/viaf/89871430	http://d-nb.info/gnd/138313245	http://viaf.org/viaf/213326358
X	X	http://datos.bne.es/resource/XX1742112
Xeni, C.	Xeni, C.	http://datos.bne.es/resource/XX1497040
Ximenos, Anna R.	Ximenos, Anna R.	http://datos.bne.es/resource/XX1094856	http://viaf.org/viaf/297120247
Rodríguez Ximenos, Anna	Ximenos, Anna R.	http://datos.bne.es/resource/XX1094856	http://viaf.org/viaf/297120247
Rodríguez i Ximenos, Anna	Ximenos, Anna R.	http://datos.bne.es/resource/XX1094856	http://viaf.org/viaf/297120247
Xhaufflaire, Marcel	Xhaufflaire, Marcel	http://datos.bne.es/resource/XX1097951	http://viaf.org/viaf/76819105	http://d-nb.info/gnd/106871382
Xenopoulos, Grigorios	Xenopoulos, Grigorios	http://datos.bne.es/resource/XX1497042
Xenopoulos, Grégoire	Xenopoulos, Grigorios	http://datos.bne.es/resource/XX1497042
Xenakis, Constantin	Xenakis, Constantin	http://datos.bne.es/resource/XX1629125	http://viaf.org/viaf/27335456	http://d-nb.info/gnd/124037852	http://dbpedia.org/resource/Constantin_Xenakis
Xanthakis, Alkis X.	Xanthakis, Alkis X.	http://datos.bne.es/resource/XX1162109	http://viaf.org/viaf/61702707	http://d-nb.info/gnd/129457140
Xapellí Palà, Joan	Xapellí Palà, Joan	http://datos.bne.es/resource/XX833856	http://viaf.org/viaf/10136514
Xiaoqi, Qiu	Xiaoqi, Qiu	http://datos.bne.es/resource/XX1597774
Xu, Xing	Xu, Xing	http://datos.bne.es/resource/XX1704845
Ximeno, Vicente	Ximeno, Vicente	http://datos.bne.es/resource/XX1162542
Xandóval, Francisco	Xandóval, Francisco	http://datos.bne.es/resource/XX1682518
Xenguiti, Mohammed el Mamun Ben Mohammed el Fadil	Xenguiti, Mohammed el Mamun Ben Mohammed el Fadil	http://datos.bne.es/resource/XX1124520
Xiphilin	Xiphilin	http://datos.bne.es/resource/XX1162553
Ximénez, Mila	Ximénez, Mila	http://datos.bne.es/resource/XX1763687	http://viaf.org/viaf/87547658
Ximénez Cisneros, Mila	Ximénez, Mila	http://datos.bne.es/resource/XX1763687	http://viaf.org/viaf/87547658
Xenakis, Françoise	Xenakis, Françoise	http://datos.bne.es/resource/XX839675	http://dbpedia.org/resource/Fran%C3%A7oise_Xenakis	http://viaf.org/viaf/79038283	http://d-nb.info/gnd/107885522
X. Z.	X. Z.	http://datos.bne.es/resource/XX1712038
Xuecun, Murong	Xuecun, Murong	http://datos.bne.es/resource/XX5478131
Xaverio	Xaverio	http://datos.bne.es/resource/XX1725341	http://viaf.org/viaf/87486074
Muñoz Bullejos, Javier	Xaverio	http://datos.bne.es/resource/XX1725341	http://viaf.org/viaf/87486074
Xifró i Girbal, Maria	Xifró i Girbal, Maria	http://datos.bne.es/resource/XX4614616
Xavier, Francisco Cândido	Xavier, Francisco Cândido	http://datos.bne.es/resource/XX1073352	http://viaf.org/viaf/29542645	http://d-nb.info/gnd/140226591	http://dbpedia.org/resource/Chico_Xavier
Francisco Cándido Xavier	Xavier, Francisco Cândido	http://datos.bne.es/resource/XX1073352	http://viaf.org/viaf/29542645	http://d-nb.info/gnd/140226591	http://dbpedia.org/resource/Chico_Xavier
Xavier, Chico	Xavier, Francisco Cândido	http://datos.bne.es/resource/XX1073352	http://viaf.org/viaf/29542645	http://d-nb.info/gnd/140226591	http://dbpedia.org/resource/Chico_Xavier
Xanthoulis, Giannis	Xanthoulis, Giannis	http://datos.bne.es/resource/XX1080183	http://viaf.org/viaf/86719166	http://viaf.org/viaf/5039690
Ximénez de Embún y Val, Tomás	Ximénez de Embún y Val, Tomás	http://datos.bne.es/resource/XX1147073	http://viaf.org/viaf/10223980	http://d-nb.info/gnd/101887116
Ximénez de Embún, Tomás	Ximénez de Embún y Val, Tomás	http://datos.bne.es/resource/XX1147073	http://viaf.org/viaf/10223980	http://d-nb.info/gnd/101887116
Xuclà, Jordi	Xuclà, Jordi	http://datos.bne.es/resource/XX1004745	http://viaf.org/viaf/86528773
Xuclà Costa, Jordi	Xuclà, Jordi	http://datos.bne.es/resource/XX1004745	http://viaf.org/viaf/86528773
Xuclà i Costa, Jordi	Xuclà, Jordi	http://datos.bne.es/resource/XX1004745	http://viaf.org/viaf/86528773
Xu, Dishan	Xu, Dishan	http://datos.bne.es/resource/XX5044478
許, 地山	Xu, Dishan	http://datos.bne.es/resource/XX5044478
Xargay, Xavier	Xargay, Xavier	http://datos.bne.es/resource/XX1021418	http://viaf.org/viaf/41779563
Xargay i Oliva, Xavier	Xargay, Xavier	http://datos.bne.es/resource/XX1021418	http://viaf.org/viaf/41779563
Xingjun, Qiu	Xingjun, Qiu	http://datos.bne.es/resource/XX1162545
Xesteira, J. A.	Xesteira, J. A.	http://datos.bne.es/resource/XX1576408
Xalambrí, Arturo E.	Xalambrí, Arturo E.	http://datos.bne.es/resource/XX1254001	http://viaf.org/viaf/61714466
Xano	Xano	http://datos.bne.es/resource/XX1546648
Ximénez de Embún López, Juan	Ximénez de Embún López, Juan	http://datos.bne.es/resource/XX1710884	http://viaf.org/viaf/87453191
Ximenez Barranco, Miguel	Ximenez Barranco, Miguel	http://datos.bne.es/resource/XX1221913
Xaratxo, Gurutxe de	Xaratxo, Gurutxe de	http://datos.bne.es/resource/XX1162460
Xandri Tagueña, José María	Xandri Tagueña, José María	http://datos.bne.es/resource/XX1122143	http://viaf.org/viaf/86823009
Xaupi, Bonaventure	Xaupi, Bonaventure	http://datos.bne.es/resource/XX1014319	http://viaf.org/viaf/14645333
Xaupi,	Xaupi, Bonaventure	http://datos.bne.es/resource/XX1014319	http://viaf.org/viaf/14645333
Xobaba	Xobaba	http://datos.bne.es/resource/XX1657137	http://viaf.org/viaf/87397416
Barreiro Barreiro, Jorge	Xobaba	http://datos.bne.es/resource/XX1657137	http://viaf.org/viaf/87397416
Xamardo, Nicolás	Xamardo, Nicolás	http://datos.bne.es/resource/XX1693617
Ximénez, Jusepe	Ximénez, Jusepe	http://datos.bne.es/resource/XX1479516	http://viaf.org/viaf/100244699	http://d-nb.info/gnd/135463564
Jiménez, José	Ximénez, Jusepe	http://datos.bne.es/resource/XX1479516	http://viaf.org/viaf/100244699	http://d-nb.info/gnd/135463564
Jiménez, Joseph	Ximénez, Jusepe	http://datos.bne.es/resource/XX1479516	http://viaf.org/viaf/100244699	http://d-nb.info/gnd/135463564
Ximénez, Joseph	Ximénez, Jusepe	http://datos.bne.es/resource/XX1479516	http://viaf.org/viaf/100244699	http://d-nb.info/gnd/135463564
Jiménez, Jusepe	Ximénez, Jusepe	http://datos.bne.es/resource/XX1479516	http://viaf.org/viaf/100244699	http://d-nb.info/gnd/135463564
Ximénez, José	Ximénez, Jusepe	http://datos.bne.es/resource/XX1479516	http://viaf.org/viaf/100244699	http://d-nb.info/gnd/135463564
Xiz Ramil, Xulio	Xiz Ramil, Xulio	http://datos.bne.es/resource/XX859805	http://viaf.org/viaf/78062402
Giz, Julio	Xiz Ramil, Xulio	http://datos.bne.es/resource/XX859805	http://viaf.org/viaf/78062402
Giz Ramil, Julio	Xiz Ramil, Xulio	http://datos.bne.es/resource/XX859805	http://viaf.org/viaf/78062402
Xiz, Xulio	Xiz Ramil, Xulio	http://datos.bne.es/resource/XX859805	http://viaf.org/viaf/78062402
Giz Ramil, Julio Modesto	Xiz Ramil, Xulio	http://datos.bne.es/resource/XX859805	http://viaf.org/viaf/78062402
Ximénez de Carmona, Francisco	Ximénez de Carmona, Francisco	http://datos.bne.es/resource/XX1695019
Xalabarder Aulet, María	Xalabarder Aulet, María	http://datos.bne.es/resource/XX1576415
Ximénez Vicente, L.	Ximénez Vicente, L.	http://datos.bne.es/resource/XX996948	http://viaf.org/viaf/88025620
Ximénez, Luis	Ximénez Vicente, L.	http://datos.bne.es/resource/XX996948	http://viaf.org/viaf/88025620
Ximénez Vicente, Luis	Ximénez Vicente, L.	http://datos.bne.es/resource/XX996948	http://viaf.org/viaf/88025620
Ximeno	Ximeno	http://datos.bne.es/resource/XX1328225	http://viaf.org/viaf/87105916
Xenopol, Dimitrie Alexandru	Xenopol, Dimitrie Alexandru	http://datos.bne.es/resource/XX1286062
Xenopol, A. D.	Xenopol, Dimitrie Alexandru	http://datos.bne.es/resource/XX1286062
Xenopol, A.-D.	Xenopol, Dimitrie Alexandru	http://datos.bne.es/resource/XX1286062
Xalabarder, Eudald	Xalabarder, Eudald	http://datos.bne.es/resource/XX980131	http://viaf.org/viaf/179511880
Xalabarder Conca, Eudaldo	Xalabarder, Eudald	http://datos.bne.es/resource/XX980131	http://viaf.org/viaf/179511880
Xalabarder Conca, Eudald	Xalabarder, Eudald	http://datos.bne.es/resource/XX980131	http://viaf.org/viaf/179511880
Xalabarder, Eudaldo	Xalabarder, Eudald	http://datos.bne.es/resource/XX980131	http://viaf.org/viaf/179511880
Ximénez de Sandoval, Felipe	Ximénez de Sandoval, Felipe	http://datos.bne.es/resource/XX1123320	http://viaf.org/viaf/18238778	http://d-nb.info/gnd/127189688
Crame, Tomás	Ximénez de Sandoval, Felipe	http://datos.bne.es/resource/XX1123320	http://viaf.org/viaf/18238778	http://d-nb.info/gnd/127189688
Jimenez de Sandoval, Felipe	Ximénez de Sandoval, Felipe	http://datos.bne.es/resource/XX1123320	http://viaf.org/viaf/18238778	http://d-nb.info/gnd/127189688
Ximénez de Sandoval	Ximénez de Sandoval, Felipe	http://datos.bne.es/resource/XX1123320	http://viaf.org/viaf/18238778	http://d-nb.info/gnd/127189688
Ximénez de Sandoval, F.	Ximénez de Sandoval, Felipe	http://datos.bne.es/resource/XX1123320	http://viaf.org/viaf/18238778	http://d-nb.info/gnd/127189688
Ximénez, Felipe	Ximénez de Sandoval, Felipe	http://datos.bne.es/resource/XX1123320	http://viaf.org/viaf/18238778	http://d-nb.info/gnd/127189688
Xie, Zhenqing	Xie, Zhenqing	http://datos.bne.es/resource/XX1753993
Xalabarder Serra, Avelino	Xalabarder Serra, Avelino	http://datos.bne.es/resource/XX980133
Xinde, Wang	Xinde, Wang	http://datos.bne.es/resource/XX1038076	http://viaf.org/viaf/86616067
Ximeno y Planes, Rafael	Ximeno y Planes, Rafael	http://datos.bne.es/resource/XX1517900	http://dbpedia.org/resource/Rafael_Ximeno_y_Planes	http://viaf.org/viaf/11529531
Jimeno y Planes, Rafael	Ximeno y Planes, Rafael	http://datos.bne.es/resource/XX1517900	http://dbpedia.org/resource/Rafael_Ximeno_y_Planes	http://viaf.org/viaf/11529531
Gimeno y Planes, Rafael	Ximeno y Planes, Rafael	http://datos.bne.es/resource/XX1517900	http://dbpedia.org/resource/Rafael_Ximeno_y_Planes	http://viaf.org/viaf/11529531
Xáldiga	Xáldiga	http://datos.bne.es/resource/XX1162425
Xandri Pich, José	Xandri Pich, José	http://datos.bne.es/resource/XX1317863	http://viaf.org/viaf/71102229
Xipell, J. M.	Xipell, J. M.	http://datos.bne.es/resource/XX1217488	http://viaf.org/viaf/86982731	http://viaf.org/viaf/305115990
Montañés Xipell, Joan	Xipell, J. M.	http://datos.bne.es/resource/XX1217488	http://viaf.org/viaf/86982731	http://viaf.org/viaf/305115990
Xipell	Xipell, J. M.	http://datos.bne.es/resource/XX1217488	http://viaf.org/viaf/86982731	http://viaf.org/viaf/305115990
Xena	Xena	http://datos.bne.es/resource/XX5549269
Xaixo Roselló, Lorenzo	Xaixo Roselló, Lorenzo	http://datos.bne.es/resource/XX1697133	http://viaf.org/viaf/87437604
Xu, Chengbei	Xu, Chengbei	http://datos.bne.es/resource/XX1746376	http://viaf.org/viaf/67127069
徐, 城北	Xu, Chengbei	http://datos.bne.es/resource/XX1746376	http://viaf.org/viaf/67127069
Xoxardo	Xoxardo	http://datos.bne.es/resource/XX1162584
Xercavins, Josep	Xercavins, Josep	http://datos.bne.es/resource/XX1417558	http://viaf.org/viaf/87176828
Xercavins i Valls, Josep	Xercavins, Josep	http://datos.bne.es/resource/XX1417558	http://viaf.org/viaf/87176828
Xirinacs, Lluís M.	Xirinacs, Lluís M.	http://datos.bne.es/resource/XX1125316	http://dbpedia.org/resource/Llu%C3%ADs_Maria_Xirinacs	http://viaf.org/viaf/60358898	http://d-nb.info/gnd/129234699
Xirinacs, Lluís	Xirinacs, Lluís M.	http://datos.bne.es/resource/XX1125316	http://dbpedia.org/resource/Llu%C3%ADs_Maria_Xirinacs	http://viaf.org/viaf/60358898	http://d-nb.info/gnd/129234699
Xirinacs, Lluís Maria	Xirinacs, Lluís M.	http://datos.bne.es/resource/XX1125316	http://dbpedia.org/resource/Llu%C3%ADs_Maria_Xirinacs	http://viaf.org/viaf/60358898	http://d-nb.info/gnd/129234699
Xirinacs, Lluís-María	Xirinacs, Lluís M.	http://datos.bne.es/resource/XX1125316	http://dbpedia.org/resource/Llu%C3%ADs_Maria_Xirinacs	http://viaf.org/viaf/60358898	http://d-nb.info/gnd/129234699
Xirinacs Damians, Lluís Maria	Xirinacs, Lluís M.	http://datos.bne.es/resource/XX1125316	http://dbpedia.org/resource/Llu%C3%ADs_Maria_Xirinacs	http://viaf.org/viaf/60358898	http://d-nb.info/gnd/129234699
Xirinacs, Luis M.	Xirinacs, Lluís M.	http://datos.bne.es/resource/XX1125316	http://dbpedia.org/resource/Llu%C3%ADs_Maria_Xirinacs	http://viaf.org/viaf/60358898	http://d-nb.info/gnd/129234699
Xirinacs i Damians, Lluís M.	Xirinacs, Lluís M.	http://datos.bne.es/resource/XX1125316	http://dbpedia.org/resource/Llu%C3%ADs_Maria_Xirinacs	http://viaf.org/viaf/60358898	http://d-nb.info/gnd/129234699
Xirinacs i Damians, Lluís Maria	Xirinacs, Lluís M.	http://datos.bne.es/resource/XX1125316	http://dbpedia.org/resource/Llu%C3%ADs_Maria_Xirinacs	http://viaf.org/viaf/60358898	http://d-nb.info/gnd/129234699
Ximénez de Embún y Cantín, Luis	Ximénez de Embún y Cantín, Luis	http://datos.bne.es/resource/XX1226411	http://viaf.org/viaf/86996703
Jiménez de Embún y Cantín, Luis	Ximénez de Embún y Cantín, Luis	http://datos.bne.es/resource/XX1226411	http://viaf.org/viaf/86996703
Xu, Di	Xu, Di	http://datos.bne.es/resource/XX1162588
Xam-mar i Alonso, Carmen	Xam mar i Alonso, Carmen	http://datos.bne.es/resource/XX1648699
Xiao, Hui Wang	Xiao, Hui Wang	http://datos.bne.es/resource/XX1217183
Xampeny, Josep María	Xampeny, Josep María	http://datos.bne.es/resource/XX1162443
Xartó, May	Xartó, May	http://datos.bne.es/resource/XX1679896
Xiao Zhou, Kate	Xiao Zhou, Kate	http://datos.bne.es/resource/XX1414211
X	X	http://datos.bne.es/resource/XX1232276
Xarrié i Rovira, Josep Maria	Xarrié i Rovira, Josep Maria	http://datos.bne.es/resource/XX856021
Xosé de Arxeriz	Xosé de Arxeriz	http://datos.bne.es/resource/XX1482871
Xifrá, Jaume	Xifrá, Jaume	http://datos.bne.es/resource/XX970657
Xamena, Miguel	Xamena, Miguel	http://datos.bne.es/resource/XX1628916
Xirau, Joaquín	Xirau, Joaquín	http://datos.bne.es/resource/XX1125226	http://dbpedia.org/resource/Joaquin_Xirau_Palau	http://viaf.org/viaf/12421514	http://d-nb.info/gnd/132978326
Xirau, Joaquim	Xirau, Joaquín	http://datos.bne.es/resource/XX1125226	http://dbpedia.org/resource/Joaquin_Xirau_Palau	http://viaf.org/viaf/12421514	http://d-nb.info/gnd/132978326
Xirau Palau, Joaquim	Xirau, Joaquín	http://datos.bne.es/resource/XX1125226	http://dbpedia.org/resource/Joaquin_Xirau_Palau	http://viaf.org/viaf/12421514	http://d-nb.info/gnd/132978326
Xirau Palau, Joaquín	Xirau, Joaquín	http://datos.bne.es/resource/XX1125226	http://dbpedia.org/resource/Joaquin_Xirau_Palau	http://viaf.org/viaf/12421514	http://d-nb.info/gnd/132978326
Xhardez, Yves	Xhardez, Yves	http://datos.bne.es/resource/XX1162498
Xaubet Mir, A.	Xaubet Mir, A.	http://datos.bne.es/resource/XX1125229	http://viaf.org/viaf/86828913
Xaubet Mir, Antonio	Xaubet Mir, A.	http://datos.bne.es/resource/XX1125229	http://viaf.org/viaf/86828913
Xhelo Çomo, Enkeleda	Xhelo Çomo, Enkeleda	http://datos.bne.es/resource/XX1778845
Xuanjue	Xuanjue	http://datos.bne.es/resource/XX976355	http://viaf.org/viaf/103214083	http://d-nb.info/gnd/119024543	http://viaf.org/viaf/18543450
Daishi, Yoka	Xuanjue	http://datos.bne.es/resource/XX976355	http://viaf.org/viaf/103214083	http://d-nb.info/gnd/119024543	http://viaf.org/viaf/18543450
Yoka Daishi	Xuanjue	http://datos.bne.es/resource/XX976355	http://viaf.org/viaf/103214083	http://d-nb.info/gnd/119024543	http://viaf.org/viaf/18543450
Xufre i Valles, Víctor	Xufre i Valles, Víctor	http://datos.bne.es/resource/XX1162592
Xaus Pey, Jordi	Xaus Pey, Jordi	http://datos.bne.es/resource/XX1464830
Xerez, Francisco de	Xerez, Francisco de	http://datos.bne.es/resource/XX1122471	http://viaf.org/viaf/59090774	http://viaf.org/viaf/122282589
Jerez, Francisco de	Xerez, Francisco de	http://datos.bne.es/resource/XX1122471	http://viaf.org/viaf/59090774	http://viaf.org/viaf/122282589
Xerxa, Pere	Xerxa, Pere	http://datos.bne.es/resource/XX1162492
Ximénez, M. Carmen	Ximénez, M. Carmen	http://datos.bne.es/resource/XX1168844	http://viaf.org/viaf/233524753
Ximénez Gómez, María Carmen	Ximénez, M. Carmen	http://datos.bne.es/resource/XX1168844	http://viaf.org/viaf/233524753
Ximénez, Carmen	Ximénez, M. Carmen	http://datos.bne.es/resource/XX1168844	http://viaf.org/viaf/233524753
Ximénez Gómez, Carmen	Ximénez, M. Carmen	http://datos.bne.es/resource/XX1168844	http://viaf.org/viaf/233524753
Xuriguera, Ramon	Xuriguera, Ramon	http://datos.bne.es/resource/XX1125762	http://viaf.org/viaf/33271892	http://d-nb.info/gnd/136324983
Xuriguera i Parramona, Ramon	Xuriguera, Ramon	http://datos.bne.es/resource/XX1125762	http://viaf.org/viaf/33271892	http://d-nb.info/gnd/136324983
Xalabardé, Federico	Xalabardé, Federico	http://datos.bne.es/resource/XX1470019	http://viaf.org/viaf/87205813
Xalabardé	Xalabardé, Federico	http://datos.bne.es/resource/XX1470019	http://viaf.org/viaf/87205813
Xalabardé, F.	Xalabardé, Federico	http://datos.bne.es/resource/XX1470019	http://viaf.org/viaf/87205813
Xalabardé Fransi, Federico	Xalabardé, Federico	http://datos.bne.es/resource/XX1470019	http://viaf.org/viaf/87205813
Xicola, Miguel	Xicola, Miguel	http://datos.bne.es/resource/XX1035968	http://viaf.org/viaf/86610619
XX	XX	http://datos.bne.es/resource/XX1412758
Xiberta Roqueta, Manuel	Xiberta Roqueta, Manuel	http://datos.bne.es/resource/XX919868
Ximénez, Francisco	Ximénez, Francisco	http://datos.bne.es/resource/XX1169441
Jiménez, Francisco	Ximénez, Francisco	http://datos.bne.es/resource/XX1169441
Xiol Ríos, Juan Antonio	Xiol Ríos, Juan Antonio	http://datos.bne.es/resource/XX962192	http://viaf.org/viaf/19753384
Xiol, Juan Antonio	Xiol Ríos, Juan Antonio	http://datos.bne.es/resource/XX962192	http://viaf.org/viaf/19753384
Xil Ríos	Xil Ríos	http://datos.bne.es/resource/XX845419	http://viaf.org/viaf/87670967
Gil, José Antonio	Xil Ríos	http://datos.bne.es/resource/XX845419	http://viaf.org/viaf/87670967
Gil Ríos, José Antonio	Xil Ríos	http://datos.bne.es/resource/XX845419	http://viaf.org/viaf/87670967
Ríos, Xil	Xil Ríos	http://datos.bne.es/resource/XX845419	http://viaf.org/viaf/87670967
Xinggui, Shi	Xinggui, Shi	http://datos.bne.es/resource/XX5424754	http://viaf.org/viaf/11778999
Xifra, Jordi	Xifra, Jordi	http://datos.bne.es/resource/XX1125043	http://viaf.org/viaf/3801621
Xifra, J.	Xifra, Jordi	http://datos.bne.es/resource/XX1125043	http://viaf.org/viaf/3801621
Xifra Triadú, Jordi	Xifra, Jordi	http://datos.bne.es/resource/XX1125043	http://viaf.org/viaf/3801621
Xenakis, Dimitris K.	Xenakis, Dimitris K.	http://datos.bne.es/resource/XX1577112
Xinxó Bondia, Josep	Xinxó Bondia, Josep	http://datos.bne.es/resource/XX1736629
Xamarro, Juan Bautista	Xamarro, Juan Bautista	http://datos.bne.es/resource/XX1119981	http://viaf.org/viaf/20075249	http://d-nb.info/gnd/102652856
Chamarro, Juan Bautista	Xamarro, Juan Bautista	http://datos.bne.es/resource/XX1119981	http://viaf.org/viaf/20075249	http://d-nb.info/gnd/102652856
Jamarro, Juan Bautista	Xamarro, Juan Bautista	http://datos.bne.es/resource/XX1119981	http://viaf.org/viaf/20075249	http://d-nb.info/gnd/102652856
Xamarró, Iván Bautista	Xamarro, Juan Bautista	http://datos.bne.es/resource/XX1119981	http://viaf.org/viaf/20075249	http://d-nb.info/gnd/102652856
Xamarro, Juan Baptista	Xamarro, Juan Bautista	http://datos.bne.es/resource/XX1119981	http://viaf.org/viaf/20075249	http://d-nb.info/gnd/102652856
Xamorro, Juan Bautista	Xamarro, Juan Bautista	http://datos.bne.es/resource/XX1119981	http://viaf.org/viaf/20075249	http://d-nb.info/gnd/102652856
Xurki, Mohamed	Xurki, Mohamed	http://datos.bne.es/resource/XX1162600
Xani, Ehmede	Xani, Ehmede	http://datos.bne.es/resource/XX5043294
Xicola, Núria	Xicola, Núria	http://datos.bne.es/resource/XX4614948	http://viaf.org/viaf/169699524
Xapel·li, Mireia	Xapel·li, Mireia	http://datos.bne.es/resource/XX835390	http://viaf.org/viaf/87646059
Xuriguera, Joan Baptista	Xuriguera, Joan Baptista	http://datos.bne.es/resource/XX1125572	http://viaf.org/viaf/174601542
Xuriguera, Baptista	Xuriguera, Joan Baptista	http://datos.bne.es/resource/XX1125572	http://viaf.org/viaf/174601542
Xuriguera, J. B.	Xuriguera, Joan Baptista	http://datos.bne.es/resource/XX1125572	http://viaf.org/viaf/174601542
Xuriguera, Joan B.	Xuriguera, Joan Baptista	http://datos.bne.es/resource/XX1125572	http://viaf.org/viaf/174601542
Xuriguera, Juan B.	Xuriguera, Joan Baptista	http://datos.bne.es/resource/XX1125572	http://viaf.org/viaf/174601542
Xuriguera, Juan Bautista	Xuriguera, Joan Baptista	http://datos.bne.es/resource/XX1125572	http://viaf.org/viaf/174601542
Xuriguera Parramona, Joan Baptista	Xuriguera, Joan Baptista	http://datos.bne.es/resource/XX1125572	http://viaf.org/viaf/174601542
Xuriguera i Parramona, Joan Baptista	Xuriguera, Joan Baptista	http://datos.bne.es/resource/XX1125572	http://viaf.org/viaf/174601542
Ximenez de Texada Argaiz et Eslaba, Didacus	Ximenez de Texada Argaiz et Eslaba, Didacus	http://datos.bne.es/resource/XX1625088
Ximénez de Tejada y Argáiz, Diego	Ximenez de Texada Argaiz et Eslaba, Didacus	http://datos.bne.es/resource/XX1625088
Xailo	Xailo	http://datos.bne.es/resource/XX1570308
Xavi	Xavi	http://datos.bne.es/resource/XX1162476
Xeno	Xeno	http://datos.bne.es/resource/XX1701887	http://viaf.org/viaf/87442839
X...	X...	http://datos.bne.es/resource/XX1509657
Xavier, Ángela Barreto	Xavier, Ángela Barreto	http://datos.bne.es/resource/XX888686	http://viaf.org/viaf/51979806
Barreto Xavier, Ângela	Xavier, Ángela Barreto	http://datos.bne.es/resource/XX888686	http://viaf.org/viaf/51979806
Xivillé, Juan Elías	Xivillé, Juan Elías	http://datos.bne.es/resource/XX1232687
Xestoso, Manuel	Xestoso, Manuel	http://datos.bne.es/resource/XX1473405	http://viaf.org/viaf/261588570
Xirinacs, Olga	Xirinacs, Olga	http://datos.bne.es/resource/XX1125449	http://viaf.org/viaf/61540625	http://d-nb.info/gnd/124713815	http://dbpedia.org/resource/Olga_Xirinacs_D%C3%ADaz
Xirinachs i Díaz, Olga	Xirinacs, Olga	http://datos.bne.es/resource/XX1125449	http://viaf.org/viaf/61540625	http://d-nb.info/gnd/124713815	http://dbpedia.org/resource/Olga_Xirinacs_D%C3%ADaz
Xirinacs i Díaz, Olga	Xirinacs, Olga	http://datos.bne.es/resource/XX1125449	http://viaf.org/viaf/61540625	http://d-nb.info/gnd/124713815	http://dbpedia.org/resource/Olga_Xirinacs_D%C3%ADaz
Xirnacs Díaz, Olga	Xirinacs, Olga	http://datos.bne.es/resource/XX1125449	http://viaf.org/viaf/61540625	http://d-nb.info/gnd/124713815	http://dbpedia.org/resource/Olga_Xirinacs_D%C3%ADaz
X, Malcolm	X, Malcolm	http://datos.bne.es/resource/XX847148	http://viaf.org/viaf/59092897	http://d-nb.info/gnd/118771531	http://www.idref.fr/027728153/id	http://libris.kb.se/resource/auth/230270	http://dbpedia.org/resource/Malcolm_X
Malcolm X	X, Malcolm	http://datos.bne.es/resource/XX847148	http://viaf.org/viaf/59092897	http://d-nb.info/gnd/118771531	http://www.idref.fr/027728153/id	http://libris.kb.se/resource/auth/230270	http://dbpedia.org/resource/Malcolm_X
Little, Malcolm	X, Malcolm	http://datos.bne.es/resource/XX847148	http://viaf.org/viaf/59092897	http://d-nb.info/gnd/118771531	http://www.idref.fr/027728153/id	http://libris.kb.se/resource/auth/230270	http://dbpedia.org/resource/Malcolm_X
X.	X.	http://datos.bne.es/resource/XX1509442
Xaudaró, Joaquín	Xaudaró, Joaquín	http://datos.bne.es/resource/XX1162469	http://viaf.org/viaf/49346308	http://dbpedia.org/resource/Joaqu%C3%ADn_Xaudar%C3%B3
Xaudaró Echau, Joaquín	Xaudaró, Joaquín	http://datos.bne.es/resource/XX1162469	http://viaf.org/viaf/49346308	http://dbpedia.org/resource/Joaqu%C3%ADn_Xaudar%C3%B3
Xaudaró i Echau, Joaquín	Xaudaró, Joaquín	http://datos.bne.es/resource/XX1162469	http://viaf.org/viaf/49346308	http://dbpedia.org/resource/Joaqu%C3%ADn_Xaudar%C3%B3
X. T.	X. T.	http://datos.bne.es/resource/XX1509443
Xavier, Manoel	Xavier, Manoel	http://datos.bne.es/resource/XX1189462
Xosé de Valbuxán	Xosé de Valbuxán	http://datos.bne.es/resource/XX926871	http://viaf.org/viaf/87866653
Valbuxán, Xosé de	Xosé de Valbuxán	http://datos.bne.es/resource/XX926871	http://viaf.org/viaf/87866653
Porto, José	Xosé de Valbuxán	http://datos.bne.es/resource/XX926871	http://viaf.org/viaf/87866653
Xepapadeas, Anastasios	Xepapadeas, Anastasios	http://datos.bne.es/resource/XX1671022
Xiol, Juan	Xiol, Juan	http://datos.bne.es/resource/XX1125167	http://viaf.org/viaf/86828749
Xiol Marchal, Juan	Xiol, Juan	http://datos.bne.es/resource/XX1125167	http://viaf.org/viaf/86828749
Xiol Marchel, Juan	Xiol, Juan	http://datos.bne.es/resource/XX1125167	http://viaf.org/viaf/86828749
Xavier, Roberto	Xavier, Roberto	http://datos.bne.es/resource/XX1162481
Ximénez Escudero, Conchita	Ximénez Escudero, Conchita	http://datos.bne.es/resource/XX4611641	http://viaf.org/viaf/169561789
Ximénez, Conchita	Ximénez Escudero, Conchita	http://datos.bne.es/resource/XX4611641	http://viaf.org/viaf/169561789
Ximénes, María Teresa	Ximénes, María Teresa	http://datos.bne.es/resource/XX1045982	http://viaf.org/viaf/86633298
Ximénes Castells, María Teresa	Ximénes, María Teresa	http://datos.bne.es/resource/XX1045982	http://viaf.org/viaf/86633298
Xamena Fiol, Pere	Xamena Fiol, Pere	http://datos.bne.es/resource/XX1721183	http://viaf.org/viaf/54438498
Xamena, Pere	Xamena Fiol, Pere	http://datos.bne.es/resource/XX1721183	http://viaf.org/viaf/54438498
Xamena Fiol, Pedro	Xamena Fiol, Pere	http://datos.bne.es/resource/XX1721183	http://viaf.org/viaf/54438498
Xue, Ju	Xue, Ju	http://datos.bne.es/resource/XX5252914	http://viaf.org/viaf/282737855
薛, 據	Xue, Ju	http://datos.bne.es/resource/XX5252914	http://viaf.org/viaf/282737855
Xiberta, Bartolomé F. María	Xiberta, Bartolomé F. María	http://datos.bne.es/resource/XX1211302	http://viaf.org/viaf/12438597	http://d-nb.info/gnd/119259036
Xiberta, Bartholomaeus M.	Xiberta, Bartolomé F. María	http://datos.bne.es/resource/XX1211302	http://viaf.org/viaf/12438597	http://d-nb.info/gnd/119259036
Xiberta, Bartomeu M.	Xiberta, Bartolomé F. María	http://datos.bne.es/resource/XX1211302	http://viaf.org/viaf/12438597	http://d-nb.info/gnd/119259036
Xiberta, Bartolomé F. M.	Xiberta, Bartolomé F. María	http://datos.bne.es/resource/XX1211302	http://viaf.org/viaf/12438597	http://d-nb.info/gnd/119259036
Xiberta i Roqueta, Bartolomé M.	Xiberta, Bartolomé F. María	http://datos.bne.es/resource/XX1211302	http://viaf.org/viaf/12438597	http://d-nb.info/gnd/119259036
Xiberta y Roqueta, Bartolomé María	Xiberta, Bartolomé F. María	http://datos.bne.es/resource/XX1211302	http://viaf.org/viaf/12438597	http://d-nb.info/gnd/119259036
Xiberta,	Xiberta, Bartolomé F. María	http://datos.bne.es/resource/XX1211302	http://viaf.org/viaf/12438597	http://d-nb.info/gnd/119259036
Padre Xiberta	Xiberta, Bartolomé F. María	http://datos.bne.es/resource/XX1211302	http://viaf.org/viaf/12438597	http://d-nb.info/gnd/119259036
Xambó Sedó, Anna	Xambó Sedó, Anna	http://datos.bne.es/resource/XX1684270
Xifra i Riera, Narcís	Xifra i Riera, Narcís	http://datos.bne.es/resource/XX970620	http://viaf.org/viaf/66565016
Xifra i Riera, Narcís Marcel	Xifra i Riera, Narcís	http://datos.bne.es/resource/XX970620	http://viaf.org/viaf/66565016
Xifra Riera, Narciso	Xifra i Riera, Narcís	http://datos.bne.es/resource/XX970620	http://viaf.org/viaf/66565016
Xenakis, Costas	Xenakis, Costas	http://datos.bne.es/resource/XX1628748
Xirinachs, Carmen	Xirinachs, Carmen	http://datos.bne.es/resource/XX884475
Xirinachs, C.	Xirinachs, Carmen	http://datos.bne.es/resource/XX884475
Xalabarder Plantada, Raquel	Xalabarder Plantada, Raquel	http://datos.bne.es/resource/XX1460116	http://viaf.org/viaf/87199385
Xai, Miquel	Xai, Miquel	http://datos.bne.es/resource/XX1752607	http://viaf.org/viaf/87534165
Cordero Bellas, Miguel	Xai, Miquel	http://datos.bne.es/resource/XX1752607	http://viaf.org/viaf/87534165
Ximenis i Carulla, Vicenç	Ximenis i Carulla, Vicenç	http://datos.bne.es/resource/XX1375214
Xargay, Esther	Xargay, Esther	http://datos.bne.es/resource/XX1017019	http://viaf.org/viaf/80629556	http://d-nb.info/gnd/132019205
Xargay, Ester	Xargay, Esther	http://datos.bne.es/resource/XX1017019	http://viaf.org/viaf/80629556	http://d-nb.info/gnd/132019205
Xondo	Xondo	http://datos.bne.es/resource/XX1658291
