Xuân Quỳnh	Xuân Quỳnh	http://fr.dbpedia.org/resource/Xuân_Quỳnh	http://dbpedia.org/resource/Xuân_Quỳnh
Xuan Quynh	Xuân Quỳnh	http://fr.dbpedia.org/resource/Xuân_Quỳnh	http://dbpedia.org/resource/Xuân_Quỳnh
Xavier Sallantin	Xavier Sallantin	http://fr.dbpedia.org/resource/Xavier_Sallantin
Xavier Verdy	Xavier Verdy	http://fr.dbpedia.org/resource/Xavier_Verdy
Xavier Le Floch	Xavier Le Floch	http://fr.dbpedia.org/resource/Xavier_Le_Floch	http://dbpedia.org/resource/Xavier_Le_Floch
Xavier Martin	Xavier Martin	http://fr.dbpedia.org/resource/Xavier_Martin
Xavier Cedeño	Xavier Cedeño	http://fr.dbpedia.org/resource/Xavier_Cedeño	http://dbpedia.org/resource/Xavier_Cedeño
Xavier Cedeno	Xavier Cedeño	http://fr.dbpedia.org/resource/Xavier_Cedeño	http://dbpedia.org/resource/Xavier_Cedeño
Xavier Gilles de Maupeou	Xavier Gilles de Maupeou	http://fr.dbpedia.org/resource/Xavier_Gilles_de_Maupeou
Xavier Dorison	Xavier Dorison	http://fr.dbpedia.org/resource/Xavier_Dorison
Xavier Margairaz	Xavier Margairaz	http://fr.dbpedia.org/resource/Xavier_Margairaz	http://dbpedia.org/resource/Xavier_Margairaz
Xavier Corosine	Xavier Corosine	http://fr.dbpedia.org/resource/Xavier_Corosine
Xavier de Maistre	Xavier de Maistre	http://fr.dbpedia.org/resource/Xavier_de_Maistre	http://dbpedia.org/resource/Xavier_de_Maistre
Xavier de maistre	Xavier de Maistre	http://fr.dbpedia.org/resource/Xavier_de_Maistre	http://dbpedia.org/resource/Xavier_de_Maistre
Xie Wenjun	Xie Wenjun	http://fr.dbpedia.org/resource/Xie_Wenjun	http://dbpedia.org/resource/Xie_Wenjun
Xavier Guichard	Xavier Guichard	http://fr.dbpedia.org/resource/Xavier_Guichard	http://dbpedia.org/resource/Xavier_Guichard
Xavier guichard	Xavier Guichard	http://fr.dbpedia.org/resource/Xavier_Guichard	http://dbpedia.org/resource/Xavier_Guichard
Xavier Debray	Xavier Debray	http://fr.dbpedia.org/resource/Xavier_Debray	http://dbpedia.org/resource/Xavier_Debray
Xavier Tondo	Xavier Tondo	http://fr.dbpedia.org/resource/Xavier_Tondo	http://dbpedia.org/resource/Xavier_Tondo
Xavier Tondó	Xavier Tondo	http://fr.dbpedia.org/resource/Xavier_Tondo	http://dbpedia.org/resource/Xavier_Tondo
Xu Hong	Xu Hong	http://fr.dbpedia.org/resource/Xu_Hong	http://dbpedia.org/resource/Xu_Hong
Xavier Delarue	Xavier Delarue	http://fr.dbpedia.org/resource/Xavier_Delarue
Xavier DELARUE	Xavier Delarue	http://fr.dbpedia.org/resource/Xavier_Delarue
Xia Yeliang	Xia Yeliang	http://fr.dbpedia.org/resource/Xia_Yeliang	http://dbpedia.org/resource/Xia_Yeliang
Xavier de Sevin	Xavier de Sevin	http://fr.dbpedia.org/resource/Xavier_de_Sevin	http://dbpedia.org/resource/Joseph_M._X._de_Sévin
Xian Yifang	Xian Yifang	http://fr.dbpedia.org/resource/Xian_Yifang	http://dbpedia.org/resource/Xian_Yi_Fang
Yi Fang Xian	Xian Yifang	http://fr.dbpedia.org/resource/Xian_Yifang	http://dbpedia.org/resource/Xian_Yi_Fang
Xian Yi Fang	Xian Yifang	http://fr.dbpedia.org/resource/Xian_Yifang	http://dbpedia.org/resource/Xian_Yi_Fang
Yifang Xian	Xian Yifang	http://fr.dbpedia.org/resource/Xian_Yifang	http://dbpedia.org/resource/Xian_Yi_Fang
Xavier Omon	Xavier Omon	http://fr.dbpedia.org/resource/Xavier_Omon	http://dbpedia.org/resource/Xavier_Omon
Xscape (groupe)	Xscape (groupe)	http://fr.dbpedia.org/resource/Xscape_(groupe)	http://dbpedia.org/resource/Xscape_(group)
Xscape	Xscape (groupe)	http://fr.dbpedia.org/resource/Xscape_(groupe)	http://dbpedia.org/resource/Xscape_(group)
Xavier de Le Rue	Xavier de Le Rue	http://fr.dbpedia.org/resource/Xavier_de_Le_Rue	http://dbpedia.org/resource/Xavier_de_Le_Rue
Xavier Delerue	Xavier de Le Rue	http://fr.dbpedia.org/resource/Xavier_de_Le_Rue	http://dbpedia.org/resource/Xavier_de_Le_Rue
Xavier de le rue	Xavier de Le Rue	http://fr.dbpedia.org/resource/Xavier_de_Le_Rue	http://dbpedia.org/resource/Xavier_de_Le_Rue
Xavier De Le Rue	Xavier de Le Rue	http://fr.dbpedia.org/resource/Xavier_de_Le_Rue	http://dbpedia.org/resource/Xavier_de_Le_Rue
Xavier Woods	Xavier Woods	http://fr.dbpedia.org/resource/Xavier_Woods	http://dbpedia.org/resource/Xavier_Woods
Consequences Creed	Xavier Woods	http://fr.dbpedia.org/resource/Xavier_Woods	http://dbpedia.org/resource/Xavier_Woods
Austin Creed	Xavier Woods	http://fr.dbpedia.org/resource/Xavier_Woods	http://dbpedia.org/resource/Xavier_Woods
Consequences creed	Xavier Woods	http://fr.dbpedia.org/resource/Xavier_Woods	http://dbpedia.org/resource/Xavier_Woods
X-Man (chanteur)	X Man (chanteur)	http://fr.dbpedia.org/resource/X-Man_(chanteur)
Xavier Daufresne	Xavier Daufresne	http://fr.dbpedia.org/resource/Xavier_Daufresne	http://dbpedia.org/resource/Xavier_Daufresne
Ximena Herrera	Ximena Herrera	http://fr.dbpedia.org/resource/Ximena_Herrera	http://dbpedia.org/resource/Ximena_Herrera
Xabier Zandio	Xabier Zandio	http://fr.dbpedia.org/resource/Xabier_Zandio	http://dbpedia.org/resource/Xabier_Zandio
Xabier Zandio Echaide	Xabier Zandio	http://fr.dbpedia.org/resource/Xabier_Zandio	http://dbpedia.org/resource/Xabier_Zandio
Xavier Seulmand	Xavier Seulmand	http://fr.dbpedia.org/resource/Xavier_Seulmand
Xavier Samuel	Xavier Samuel	http://fr.dbpedia.org/resource/Xavier_Samuel	http://dbpedia.org/resource/Xavier_Samuel
Xia Chang	Xia Chang	http://fr.dbpedia.org/resource/Xia_Chang	http://dbpedia.org/resource/Xia_Chang
Xavier Arnozan	Xavier Arnozan	http://fr.dbpedia.org/resource/Xavier_Arnozan
Charles Louis Xavier Arnozan	Xavier Arnozan	http://fr.dbpedia.org/resource/Xavier_Arnozan
Xavier Leprince	Xavier Leprince	http://fr.dbpedia.org/resource/Xavier_Leprince
Xanthippe (Sparte)	Xanthippe (Sparte)	http://fr.dbpedia.org/resource/Xanthippe_(Sparte)	http://dbpedia.org/resource/Xanthippus_of_Carthage
Xanthippos	Xanthippe (Sparte)	http://fr.dbpedia.org/resource/Xanthippe_(Sparte)	http://dbpedia.org/resource/Xanthippus_of_Carthage
Xavier North	Xavier North	http://fr.dbpedia.org/resource/Xavier_North
Xuetong Cai	Xuetong Cai	http://fr.dbpedia.org/resource/Xuetong_Cai	http://dbpedia.org/resource/Cai_Xuetong
Cai Xuetong	Xuetong Cai	http://fr.dbpedia.org/resource/Xuetong_Cai	http://dbpedia.org/resource/Cai_Xuetong
Xiao Yanling	Xiao Yanling	http://fr.dbpedia.org/resource/Xiao_Yanling	http://dbpedia.org/resource/Xiao_Yanling
Xavier Florencio	Xavier Florencio	http://fr.dbpedia.org/resource/Xavier_Florencio	http://dbpedia.org/resource/Xavier_Florencio
Xavier Florencio Cabré	Xavier Florencio	http://fr.dbpedia.org/resource/Xavier_Florencio	http://dbpedia.org/resource/Xavier_Florencio
Xavier Florencio Cabre	Xavier Florencio	http://fr.dbpedia.org/resource/Xavier_Florencio	http://dbpedia.org/resource/Xavier_Florencio
Xavier Dudoit	Xavier Dudoit	http://fr.dbpedia.org/resource/Xavier_Dudoit	http://dbpedia.org/resource/Xavier_Dudoit
Xavier Jeudon	Xavier Jeudon	http://fr.dbpedia.org/resource/Xavier_Jeudon
Xavier Jordana Rossell	Xavier Jordana Rossell	http://fr.dbpedia.org/resource/Xavier_Jordana_Rossell
Xavier Lelièvre	Xavier Lelièvre	http://fr.dbpedia.org/resource/Xavier_Lelièvre
Xi Qia	Xi Qia	http://fr.dbpedia.org/resource/Xi_Qia	http://dbpedia.org/resource/Xi_Qia
Xaverine Karomba Mitimituje	Xaverine Karomba Mitimituje	http://fr.dbpedia.org/resource/Xaverine_Karomba_Mitimituje
Kaverine karoma	Xaverine Karomba Mitimituje	http://fr.dbpedia.org/resource/Xaverine_Karomba_Mitimituje
Xin Hong	Xin Hong	http://fr.dbpedia.org/resource/Xin_Hong
Xosé María Díaz Castro	Xosé María Díaz Castro	http://fr.dbpedia.org/resource/Xosé_María_Díaz_Castro	http://dbpedia.org/resource/Xosé_María_Díaz_Castro
Xherdan Shaqiri	Xherdan Shaqiri	http://fr.dbpedia.org/resource/Xherdan_Shaqiri	http://dbpedia.org/resource/Xherdan_Shaqiri
Shaqiri	Xherdan Shaqiri	http://fr.dbpedia.org/resource/Xherdan_Shaqiri	http://dbpedia.org/resource/Xherdan_Shaqiri
Xenia Alexandrovna de Russie	Xenia Alexandrovna de Russie	http://fr.dbpedia.org/resource/Xenia_Alexandrovna_de_Russie	http://dbpedia.org/resource/Grand_Duchess_Xenia_Alexandrovna_of_Russia
Xenia-alexandrovna	Xenia Alexandrovna de Russie	http://fr.dbpedia.org/resource/Xenia_Alexandrovna_de_Russie	http://dbpedia.org/resource/Grand_Duchess_Xenia_Alexandrovna_of_Russia
Xenia Alexandrovna	Xenia Alexandrovna de Russie	http://fr.dbpedia.org/resource/Xenia_Alexandrovna_de_Russie	http://dbpedia.org/resource/Grand_Duchess_Xenia_Alexandrovna_of_Russia
Xenie Alexandrovna de Russie	Xenia Alexandrovna de Russie	http://fr.dbpedia.org/resource/Xenia_Alexandrovna_de_Russie	http://dbpedia.org/resource/Grand_Duchess_Xenia_Alexandrovna_of_Russia
Xenie alexandrovna de russie	Xenia Alexandrovna de Russie	http://fr.dbpedia.org/resource/Xenia_Alexandrovna_de_Russie	http://dbpedia.org/resource/Grand_Duchess_Xenia_Alexandrovna_of_Russia
Xavier Dugoin	Xavier Dugoin	http://fr.dbpedia.org/resource/Xavier_Dugoin
X-23	X 23	http://fr.dbpedia.org/resource/X-23	http://dbpedia.org/resource/X-23
Xavier Marchand	Xavier Marchand	http://fr.dbpedia.org/resource/Xavier_Marchand	http://dbpedia.org/resource/Xavier_Marchand
Xie Jishi	Xie Jishi	http://fr.dbpedia.org/resource/Xie_Jishi	http://dbpedia.org/resource/Xie_Jishi
Xenia Onatopp	Xenia Onatopp	http://fr.dbpedia.org/resource/Xenia_Onatopp	http://dbpedia.org/resource/Xenia_Onatopp
Xenia Sergeyevna Onatopp	Xenia Onatopp	http://fr.dbpedia.org/resource/Xenia_Onatopp	http://dbpedia.org/resource/Xenia_Onatopp
Xander Berkeley	Xander Berkeley	http://fr.dbpedia.org/resource/Xander_Berkeley	http://dbpedia.org/resource/Xander_Berkeley
Xandu	Xandu	http://fr.dbpedia.org/resource/Xandu
Xavier Revel	Xavier Revel	http://fr.dbpedia.org/resource/Xavier_Revel
Xabier Izko de la Iglesia	Xabier Izko de la Iglesia	http://fr.dbpedia.org/resource/Xabier_Izko_de_la_Iglesia
Xu Shaoyang	Xu Shaoyang	http://fr.dbpedia.org/resource/Xu_Shaoyang	http://dbpedia.org/resource/Xu_Shaoyang
Ximeno Daha	Ximeno Daha	http://fr.dbpedia.org/resource/Ximeno_Daha
Xercès Louis	Xercès Louis	http://fr.dbpedia.org/resource/Xercès_Louis	http://dbpedia.org/resource/Xercès_Louis
Xerces Louis	Xercès Louis	http://fr.dbpedia.org/resource/Xercès_Louis	http://dbpedia.org/resource/Xercès_Louis
Xavier Trellu	Xavier Trellu	http://fr.dbpedia.org/resource/Xavier_Trellu
X-Man	X Man	http://fr.dbpedia.org/resource/X-Man	http://dbpedia.org/resource/Nate_Grey
Nate Grey	X Man	http://fr.dbpedia.org/resource/X-Man	http://dbpedia.org/resource/Nate_Grey
X-man	X Man	http://fr.dbpedia.org/resource/X-Man	http://dbpedia.org/resource/Nate_Grey
Xavier de Langlais	Xavier de Langlais	http://fr.dbpedia.org/resource/Xavier_de_Langlais	http://dbpedia.org/resource/Xavier_de_Langlais
Langleiz	Xavier de Langlais	http://fr.dbpedia.org/resource/Xavier_de_Langlais	http://dbpedia.org/resource/Xavier_de_Langlais
Xavier de langlais	Xavier de Langlais	http://fr.dbpedia.org/resource/Xavier_de_Langlais	http://dbpedia.org/resource/Xavier_de_Langlais
Xavier Garbajosa	Xavier Garbajosa	http://fr.dbpedia.org/resource/Xavier_Garbajosa	http://dbpedia.org/resource/Xavier_Garbajosa
Xavier garbajosa	Xavier Garbajosa	http://fr.dbpedia.org/resource/Xavier_Garbajosa	http://dbpedia.org/resource/Xavier_Garbajosa
Xiao Hailiang	Xiao Hailiang	http://fr.dbpedia.org/resource/Xiao_Hailiang	http://dbpedia.org/resource/Xiao_Hailiang
Ximena Abarca	Ximena Abarca	http://fr.dbpedia.org/resource/Ximena_Abarca	http://dbpedia.org/resource/Ximena_Abarca
Xavier Collin	Xavier Collin	http://fr.dbpedia.org/resource/Xavier_Collin	http://dbpedia.org/resource/Xavier_Collin
Xu Lili	Xu Lili	http://fr.dbpedia.org/resource/Xu_Lili	http://dbpedia.org/resource/Xu_Lili
Xu Mengtao	Xu Mengtao	http://fr.dbpedia.org/resource/Xu_Mengtao	http://dbpedia.org/resource/Xu_Mengtao
Mengtao Xu	Xu Mengtao	http://fr.dbpedia.org/resource/Xu_Mengtao	http://dbpedia.org/resource/Xu_Mengtao
Xavier Chavalerin	Xavier Chavalerin	http://fr.dbpedia.org/resource/Xavier_Chavalerin	http://dbpedia.org/resource/Xavier_Chavalerin
Xénia Maliarevitch	Xénia Maliarevitch	http://fr.dbpedia.org/resource/Xénia_Maliarevitch
Xander Corvus	Xander Corvus	http://fr.dbpedia.org/resource/Xander_Corvus	http://dbpedia.org/resource/Xander_Corvus
Xavier Armange	Xavier Armange	http://fr.dbpedia.org/resource/Xavier_Armange	http://dbpedia.org/resource/Xavier_Armange
Xesús Constela	Xesús Constela	http://fr.dbpedia.org/resource/Xesús_Constela
Xavier Penin	Xavier Penin	http://fr.dbpedia.org/resource/Xavier_Penin
Xavier Videau	Xavier Videau	http://fr.dbpedia.org/resource/Xavier_Videau	http://dbpedia.org/resource/Xavier_Videau
Xavier Barachet	Xavier Barachet	http://fr.dbpedia.org/resource/Xavier_Barachet	http://dbpedia.org/resource/Xavier_Barachet
Xianfeng	Xianfeng	http://fr.dbpedia.org/resource/Xianfeng	http://dbpedia.org/resource/Xianfeng_Emperor
Xandro Meurisse	Xandro Meurisse	http://fr.dbpedia.org/resource/Xandro_Meurisse
Xavier Kuhn	Xavier Kuhn	http://fr.dbpedia.org/resource/Xavier_Kuhn	http://dbpedia.org/resource/Xavier_Kuhn
Xiang Jingyu	Xiang Jingyu	http://fr.dbpedia.org/resource/Xiang_Jingyu	http://dbpedia.org/resource/Xiang_Jingyu
Hsiang Chin-yü	Xiang Jingyu	http://fr.dbpedia.org/resource/Xiang_Jingyu	http://dbpedia.org/resource/Xiang_Jingyu
Xavier Caféïne	Xavier Caféïne	http://fr.dbpedia.org/resource/Xavier_Caféïne	http://dbpedia.org/resource/Xavier_Caféïne
Xóchitl Hamada	Xóchitl Hamada	http://fr.dbpedia.org/resource/Xóchitl_Hamada	http://dbpedia.org/resource/Xóchitl_Hamada
Xavier Rohart	Xavier Rohart	http://fr.dbpedia.org/resource/Xavier_Rohart	http://dbpedia.org/resource/Xavier_Rohart
Xie Yingqi	Xie Yingqi	http://fr.dbpedia.org/resource/Xie_Yingqi
Xavier Forneret	Xavier Forneret	http://fr.dbpedia.org/resource/Xavier_Forneret	http://dbpedia.org/resource/Xavier_Forneret
Xénia Siska	Xénia Siska	http://fr.dbpedia.org/resource/Xénia_Siska	http://dbpedia.org/resource/Xénia_Siska
Xavier Musca	Xavier Musca	http://fr.dbpedia.org/resource/Xavier_Musca	http://dbpedia.org/resource/Xavier_Musca
Xie Hui	Xie Hui	http://fr.dbpedia.org/resource/Xie_Hui	http://dbpedia.org/resource/Xie_Hui_(footballer)
Xavier Lorgere	Xavier Lorgere	http://fr.dbpedia.org/resource/Xavier_Lorgere
Ximo Puig	Ximo Puig	http://fr.dbpedia.org/resource/Ximo_Puig
Xosé Luís Méndez Ferrín	Xosé Luís Méndez Ferrín	http://fr.dbpedia.org/resource/Xosé_Luís_Méndez_Ferrín	http://dbpedia.org/resource/Xosé_Luís_Méndez_Ferrín
Xose Luis Mendez Ferrin	Xosé Luís Méndez Ferrín	http://fr.dbpedia.org/resource/Xosé_Luís_Méndez_Ferrín	http://dbpedia.org/resource/Xosé_Luís_Méndez_Ferrín
Xavier Luissint	Xavier Luissint	http://fr.dbpedia.org/resource/Xavier_Luissint	http://dbpedia.org/resource/Xavier_Luissint
Xu Xiaoliang	Xu Xiaoliang	http://fr.dbpedia.org/resource/Xu_Xiaoliang	http://dbpedia.org/resource/Xu_Xiaoliang
Xavier de La Porte	Xavier de La Porte	http://fr.dbpedia.org/resource/Xavier_de_La_Porte
Xavier de la Porte	Xavier de La Porte	http://fr.dbpedia.org/resource/Xavier_de_La_Porte
Xavier Delisle	Xavier Delisle	http://fr.dbpedia.org/resource/Xavier_Delisle	http://dbpedia.org/resource/Xavier_Delisle
Xu Anqi	Xu Anqi	http://fr.dbpedia.org/resource/Xu_Anqi	http://dbpedia.org/resource/Xu_Anqi
Xavier de Choudens	Xavier de Choudens	http://fr.dbpedia.org/resource/Xavier_de_Choudens
Xavier Bettel	Xavier Bettel	http://fr.dbpedia.org/resource/Xavier_Bettel	http://dbpedia.org/resource/Xavier_Bettel
Xavier Richert	Xavier Richert	http://fr.dbpedia.org/resource/Xavier_Richert
Xue Changrui	Xue Changrui	http://fr.dbpedia.org/resource/Xue_Changrui	http://dbpedia.org/resource/Xue_Changrui
Xiong Ni	Xiong Ni	http://fr.dbpedia.org/resource/Xiong_Ni	http://dbpedia.org/resource/Xiong_Ni
Ni Xiong	Xiong Ni	http://fr.dbpedia.org/resource/Xiong_Ni	http://dbpedia.org/resource/Xiong_Ni
Xavier Siméon	Xavier Siméon	http://fr.dbpedia.org/resource/Xavier_Siméon	http://dbpedia.org/resource/Xavier_Siméon
Xavier Simeon	Xavier Siméon	http://fr.dbpedia.org/resource/Xavier_Siméon	http://dbpedia.org/resource/Xavier_Siméon
Xavier Naulleau	Xavier Naulleau	http://fr.dbpedia.org/resource/Xavier_Naulleau
Xavier Tomas	Xavier Tomas	http://fr.dbpedia.org/resource/Xavier_Tomas	http://dbpedia.org/resource/Xavier_Tomas
Xavier Clément	Xavier Clément	http://fr.dbpedia.org/resource/Xavier_Clément
Xavier Clement	Xavier Clément	http://fr.dbpedia.org/resource/Xavier_Clément
Xander Bogaerts	Xander Bogaerts	http://fr.dbpedia.org/resource/Xander_Bogaerts	http://dbpedia.org/resource/Xander_Bogaerts
Xu Hui	Xu Hui	http://fr.dbpedia.org/resource/Xu_Hui	http://dbpedia.org/resource/Xu_Hui
Xavier Krebs	Xavier Krebs	http://fr.dbpedia.org/resource/Xavier_Krebs
Xenia Fedorova	Xenia Fedorova	http://fr.dbpedia.org/resource/Xenia_Fedorova	http://dbpedia.org/resource/Xenia_Fedorova
Ksenia Fedorova	Xenia Fedorova	http://fr.dbpedia.org/resource/Xenia_Fedorova	http://dbpedia.org/resource/Xenia_Fedorova
Xiang Zhongfa	Xiang Zhongfa	http://fr.dbpedia.org/resource/Xiang_Zhongfa	http://dbpedia.org/resource/Xiang_Zhongfa
Xavier de Torres	Xavier de Torres	http://fr.dbpedia.org/resource/Xavier_de_Torres	http://dbpedia.org/resource/Xavier_de_Torres
Xavier Pommeret	Xavier Pommeret	http://fr.dbpedia.org/resource/Xavier_Pommeret
Xavier Mauduit	Xavier Mauduit	http://fr.dbpedia.org/resource/Xavier_Mauduit
Xing Huina	Xing Huina	http://fr.dbpedia.org/resource/Xing_Huina	http://dbpedia.org/resource/Xing_Huina
Huina Xing	Xing Huina	http://fr.dbpedia.org/resource/Xing_Huina	http://dbpedia.org/resource/Xing_Huina
Xavier Fagnon	Xavier Fagnon	http://fr.dbpedia.org/resource/Xavier_Fagnon	http://dbpedia.org/resource/Xavier_Fagnon
Xavier Raufer	Xavier Raufer	http://fr.dbpedia.org/resource/Xavier_Raufer
Christian de Bongain	Xavier Raufer	http://fr.dbpedia.org/resource/Xavier_Raufer
Raufer	Xavier Raufer	http://fr.dbpedia.org/resource/Xavier_Raufer
Xue Tao	Xue Tao	http://fr.dbpedia.org/resource/Xue_Tao	http://dbpedia.org/resource/Xue_Tao
Hsueh T'ao	Xue Tao	http://fr.dbpedia.org/resource/Xue_Tao	http://dbpedia.org/resource/Xue_Tao
Hsüeh T'ao	Xue Tao	http://fr.dbpedia.org/resource/Xue_Tao	http://dbpedia.org/resource/Xue_Tao
Xi Shangxue	Xi Shangxue	http://fr.dbpedia.org/resource/Xi_Shangxue
Xavier Mirabel	Xavier Mirabel	http://fr.dbpedia.org/resource/Xavier_Mirabel
Xiong Zhao Zhong	Xiong Zhao Zhong	http://fr.dbpedia.org/resource/Xiong_Zhao_Zhong	http://dbpedia.org/resource/Xiong_Chaozhong
Xu Chen (snowboard)	Xu Chen (snowboard)	http://fr.dbpedia.org/resource/Xu_Chen_(snowboard)
Xabier Zumalde	Xabier Zumalde	http://fr.dbpedia.org/resource/Xabier_Zumalde
Xu Shichang	Xu Shichang	http://fr.dbpedia.org/resource/Xu_Shichang	http://dbpedia.org/resource/Xu_Shichang
Xavier Fiard	Xavier Fiard	http://fr.dbpedia.org/resource/Xavier_Fiard
Xhevdet Llumnica	Xhevdet Llumnica	http://fr.dbpedia.org/resource/Xhevdet_Llumnica	http://dbpedia.org/resource/Xhevdet_Llumnica
Xandão	Xandão	http://fr.dbpedia.org/resource/Xandão	http://dbpedia.org/resource/Xandão
Xavier Desgain	Xavier Desgain	http://fr.dbpedia.org/resource/Xavier_Desgain
Xawery Żuławski	Xawery Żuławski	http://fr.dbpedia.org/resource/Xawery_Żuławski	http://dbpedia.org/resource/Xawery_Żuławski
Xi Jinping	Xi Jinping	http://fr.dbpedia.org/resource/Xi_Jinping	http://dbpedia.org/resource/Xi_Jinping
Xavier Wallez	Xavier Wallez	http://fr.dbpedia.org/resource/Xavier_Wallez
Xavier Sala i Martín	Xavier Sala i Martín	http://fr.dbpedia.org/resource/Xavier_Sala_i_Martín	http://dbpedia.org/resource/Xavier_Sala-i-Martin
Xavier sala-i-martin	Xavier Sala i Martín	http://fr.dbpedia.org/resource/Xavier_Sala_i_Martín	http://dbpedia.org/resource/Xavier_Sala-i-Martin
Xavier Sala-i-Martin	Xavier Sala i Martín	http://fr.dbpedia.org/resource/Xavier_Sala_i_Martín	http://dbpedia.org/resource/Xavier_Sala-i-Martin
Xavier Escaich	Xavier Escaich	http://fr.dbpedia.org/resource/Xavier_Escaich
Xavier Perrot	Xavier Perrot	http://fr.dbpedia.org/resource/Xavier_Perrot	http://dbpedia.org/resource/Xavier_Perrot
Xavier Deniau	Xavier Deniau	http://fr.dbpedia.org/resource/Xavier_Deniau
Xavier Bouvier (homme politique)	Xavier Bouvier (homme politique)	http://fr.dbpedia.org/resource/Xavier_Bouvier_(homme_politique)
Xavier Olin	Xavier Olin	http://fr.dbpedia.org/resource/Xavier_Olin
Xavier-Victor Olin	Xavier Olin	http://fr.dbpedia.org/resource/Xavier_Olin
Xavier Victor Olin	Xavier Olin	http://fr.dbpedia.org/resource/Xavier_Olin
Xaver Scharwenka	Xaver Scharwenka	http://fr.dbpedia.org/resource/Xaver_Scharwenka	http://dbpedia.org/resource/Xaver_Scharwenka
Xavier Báez	Xavier Báez	http://fr.dbpedia.org/resource/Xavier_Báez	http://dbpedia.org/resource/Xavier_Báez
Xavier de Curières de Castelnau	Xavier de Curières de Castelnau	http://fr.dbpedia.org/resource/Xavier_de_Curières_de_Castelnau
Xavier Dablemont	Xavier Dablemont	http://fr.dbpedia.org/resource/Xavier_Dablemont
Xiomara Castro	Xiomara Castro	http://fr.dbpedia.org/resource/Xiomara_Castro	http://dbpedia.org/resource/Xiomara_Castro
Xú Jīng	Xú Jīng	http://fr.dbpedia.org/resource/Xú_Jīng	http://dbpedia.org/resource/Xu_Jing_(archer)
Xavier Méride	Xavier Méride	http://fr.dbpedia.org/resource/Xavier_Méride	http://dbpedia.org/resource/Xavier_Méride
Xavier Meride	Xavier Méride	http://fr.dbpedia.org/resource/Xavier_Méride	http://dbpedia.org/resource/Xavier_Méride
Xavier Thévenard	Xavier Thévenard	http://fr.dbpedia.org/resource/Xavier_Thévenard
Xaver Affentranger	Xaver Affentranger	http://fr.dbpedia.org/resource/Xaver_Affentranger	http://dbpedia.org/resource/Xaver_Affentranger
Xerxès Ier	Xerxès Ier	http://fr.dbpedia.org/resource/Xerxès_Ier	http://dbpedia.org/resource/Xerxes_I
Xerxes Ier	Xerxès Ier	http://fr.dbpedia.org/resource/Xerxès_Ier	http://dbpedia.org/resource/Xerxes_I
Xerxès le Grand	Xerxès Ier	http://fr.dbpedia.org/resource/Xerxès_Ier	http://dbpedia.org/resource/Xerxes_I
Xabi Alonso	Xabi Alonso	http://fr.dbpedia.org/resource/Xabi_Alonso	http://dbpedia.org/resource/Xabi_Alonso
Xabier Alonso Olano	Xabi Alonso	http://fr.dbpedia.org/resource/Xabi_Alonso	http://dbpedia.org/resource/Xabi_Alonso
Xavier Nady	Xavier Nady	http://fr.dbpedia.org/resource/Xavier_Nady	http://dbpedia.org/resource/Xavier_Nady
Xavier Chavari	Xavier Chavari	http://fr.dbpedia.org/resource/Xavier_Chavari
X-O Manowar	X O Manowar	http://fr.dbpedia.org/resource/X-O_Manowar	http://dbpedia.org/resource/X-O_Manowar
Xavier Reille	Xavier Reille	http://fr.dbpedia.org/resource/Xavier_Reille
Xavier Sadourny	Xavier Sadourny	http://fr.dbpedia.org/resource/Xavier_Sadourny
Xavier Malisse	Xavier Malisse	http://fr.dbpedia.org/resource/Xavier_Malisse	http://dbpedia.org/resource/Xavier_Malisse
Malisse	Xavier Malisse	http://fr.dbpedia.org/resource/Xavier_Malisse	http://dbpedia.org/resource/Xavier_Malisse
Xavier Boutin	Xavier Boutin	http://fr.dbpedia.org/resource/Xavier_Boutin
Xu Gang	Xu Gang	http://fr.dbpedia.org/resource/Xu_Gang	http://dbpedia.org/resource/Xu_Gang_(cyclist)
Gang Xu	Xu Gang	http://fr.dbpedia.org/resource/Xu_Gang	http://dbpedia.org/resource/Xu_Gang_(cyclist)
Xu Beihong	Xu Beihong	http://fr.dbpedia.org/resource/Xu_Beihong	http://dbpedia.org/resource/Xu_Beihong
Xaver Kurmann	Xaver Kurmann	http://fr.dbpedia.org/resource/Xaver_Kurmann	http://dbpedia.org/resource/Xaver_Kurmann
Xavier Fauche	Xavier Fauche	http://fr.dbpedia.org/resource/Xavier_Fauche
Xavier Leroux	Xavier Leroux	http://fr.dbpedia.org/resource/Xavier_Leroux	http://dbpedia.org/resource/Xavier_Leroux
Xavier Arsène-Henry	Xavier Arsène Henry	http://fr.dbpedia.org/resource/Xavier_Arsène-Henry	http://dbpedia.org/resource/Xavier_Arsène-Henry
Xavier arsène-henry	Xavier Arsène Henry	http://fr.dbpedia.org/resource/Xavier_Arsène-Henry	http://dbpedia.org/resource/Xavier_Arsène-Henry
Xavier Arsene-Henry	Xavier Arsène Henry	http://fr.dbpedia.org/resource/Xavier_Arsène-Henry	http://dbpedia.org/resource/Xavier_Arsène-Henry
Xavier de Poret	Xavier de Poret	http://fr.dbpedia.org/resource/Xavier_de_Poret
Xavier Hunault	Xavier Hunault	http://fr.dbpedia.org/resource/Xavier_Hunault
Xu Jia	Xu Jia	http://fr.dbpedia.org/resource/Xu_Jia
Xu Nannan	Xu Nannan	http://fr.dbpedia.org/resource/Xu_Nannan	http://dbpedia.org/resource/Xu_Nannan
Xzibit	Xzibit	http://fr.dbpedia.org/resource/Xzibit	http://dbpedia.org/resource/Xzibit
XZibit	Xzibit	http://fr.dbpedia.org/resource/Xzibit	http://dbpedia.org/resource/Xzibit
Xu Yunlong	Xu Yunlong	http://fr.dbpedia.org/resource/Xu_Yunlong	http://dbpedia.org/resource/Xu_Yunlong
Ximena Navarrete	Ximena Navarrete	http://fr.dbpedia.org/resource/Ximena_Navarrete	http://dbpedia.org/resource/Ximena_Navarrete
Jimena Navarrete	Ximena Navarrete	http://fr.dbpedia.org/resource/Ximena_Navarrete	http://dbpedia.org/resource/Ximena_Navarrete
Xavier Hochstrasser	Xavier Hochstrasser	http://fr.dbpedia.org/resource/Xavier_Hochstrasser	http://dbpedia.org/resource/Xavier_Hochstrasser
Xavier hochstrasser	Xavier Hochstrasser	http://fr.dbpedia.org/resource/Xavier_Hochstrasser	http://dbpedia.org/resource/Xavier_Hochstrasser
Xenofon Kásdaglis	Xenofon Kásdaglis	http://fr.dbpedia.org/resource/Xenofon_Kásdaglis	http://dbpedia.org/resource/Xenophon_Kasdaglis
Xabier Izaga González	Xabier Izaga González	http://fr.dbpedia.org/resource/Xabier_Izaga_González
Xenia Stad-de Jong	Xenia Stad de Jong	http://fr.dbpedia.org/resource/Xenia_Stad-de_Jong	http://dbpedia.org/resource/Xenia_Stad-de_Jong
Xenia de Jongh	Xenia Stad de Jong	http://fr.dbpedia.org/resource/Xenia_Stad-de_Jong	http://dbpedia.org/resource/Xenia_Stad-de_Jong
Xavier Beauvois	Xavier Beauvois	http://fr.dbpedia.org/resource/Xavier_Beauvois	http://dbpedia.org/resource/Xavier_Beauvois
Xue Chen	Xue Chen	http://fr.dbpedia.org/resource/Xue_Chen	http://dbpedia.org/resource/Xue_Chen
Chen Xue	Xue Chen	http://fr.dbpedia.org/resource/Xue_Chen	http://dbpedia.org/resource/Xue_Chen
Xavier Dorfman	Xavier Dorfman	http://fr.dbpedia.org/resource/Xavier_Dorfman	http://dbpedia.org/resource/Xavier_Dorfman
Xavier Dectot	Xavier Dectot	http://fr.dbpedia.org/resource/Xavier_Dectot
Xavier Relecom	Xavier Relecom	http://fr.dbpedia.org/resource/Xavier_Relecom
Xu Fan	Xu Fan	http://fr.dbpedia.org/resource/Xu_Fan	http://dbpedia.org/resource/Xu_Fan
Xabier Azkargorta	Xabier Azkargorta	http://fr.dbpedia.org/resource/Xabier_Azkargorta	http://dbpedia.org/resource/Xabier_Azkargorta
Francisco Xavier Azkargorta	Xabier Azkargorta	http://fr.dbpedia.org/resource/Xabier_Azkargorta	http://dbpedia.org/resource/Xabier_Azkargorta
Javier Azcargorta	Xabier Azkargorta	http://fr.dbpedia.org/resource/Xabier_Azkargorta	http://dbpedia.org/resource/Xabier_Azkargorta
Xu Yinsheng	Xu Yinsheng	http://fr.dbpedia.org/resource/Xu_Yinsheng	http://dbpedia.org/resource/Xu_Yinsheng
Xavier-Laurent Petit	Xavier Laurent Petit	http://fr.dbpedia.org/resource/Xavier-Laurent_Petit
Xavier-laurent petit	Xavier Laurent Petit	http://fr.dbpedia.org/resource/Xavier-Laurent_Petit
Xavier Carter	Xavier Carter	http://fr.dbpedia.org/resource/Xavier_Carter	http://dbpedia.org/resource/Xavier_Carter
Xavier carter	Xavier Carter	http://fr.dbpedia.org/resource/Xavier_Carter	http://dbpedia.org/resource/Xavier_Carter
Xiomara Blandino	Xiomara Blandino	http://fr.dbpedia.org/resource/Xiomara_Blandino	http://dbpedia.org/resource/Xiomara_Blandino
Xane d'Almeida	Xane d' Almeida	http://fr.dbpedia.org/resource/Xane_d'Almeida	http://dbpedia.org/resource/Xane_D'Almeida
Xie Xingfang	Xie Xingfang	http://fr.dbpedia.org/resource/Xie_Xingfang	http://dbpedia.org/resource/Xie_Xingfang
Xu Zhimo	Xu Zhimo	http://fr.dbpedia.org/resource/Xu_Zhimo	http://dbpedia.org/resource/Xu_Zhimo
Xavier Gallais	Xavier Gallais	http://fr.dbpedia.org/resource/Xavier_Gallais
Xavier Chiocci	Xavier Chiocci	http://fr.dbpedia.org/resource/Xavier_Chiocci	http://dbpedia.org/resource/Xavier_Chiocci
Xavier Perrier-Michon	Xavier Perrier Michon	http://fr.dbpedia.org/resource/Xavier_Perrier-Michon
Xavier Navarrot	Xavier Navarrot	http://fr.dbpedia.org/resource/Xavier_Navarrot	http://dbpedia.org/resource/Xavier_Navarrot
Xiang Ying	Xiang Ying	http://fr.dbpedia.org/resource/Xiang_Ying
Xi Kang	Xi Kang	http://fr.dbpedia.org/resource/Xi_Kang	http://dbpedia.org/resource/Ji_Kang
Ji Kang	Xi Kang	http://fr.dbpedia.org/resource/Xi_Kang	http://dbpedia.org/resource/Ji_Kang
Xhevahir Sukaj	Xhevahir Sukaj	http://fr.dbpedia.org/resource/Xhevahir_Sukaj	http://dbpedia.org/resource/Xhevahir_Sukaj
Xheyahir Sukaj	Xhevahir Sukaj	http://fr.dbpedia.org/resource/Xhevahir_Sukaj	http://dbpedia.org/resource/Xhevahir_Sukaj
Xu Jian	Xu Jian	http://fr.dbpedia.org/resource/Xu_Jian	http://dbpedia.org/resource/Xu_Jian
Xavier Ouellet	Xavier Ouellet	http://fr.dbpedia.org/resource/Xavier_Ouellet	http://dbpedia.org/resource/Xavier_Ouellet
Xavier Bout de Marnhac	Xavier Bout de Marnhac	http://fr.dbpedia.org/resource/Xavier_Bout_de_Marnhac	http://dbpedia.org/resource/Xavier_Bout_de_Marnhac
Xavier Lacroix	Xavier Lacroix	http://fr.dbpedia.org/resource/Xavier_Lacroix
Xabier Eskurza	Xabier Eskurza	http://fr.dbpedia.org/resource/Xabier_Eskurza	http://dbpedia.org/resource/Xabier_Eskurza
Xavi Fernández	Xavi Fernández	http://fr.dbpedia.org/resource/Xavi_Fernández
Ximena Restrepo	Ximena Restrepo	http://fr.dbpedia.org/resource/Ximena_Restrepo	http://dbpedia.org/resource/Ximena_Restrepo
Xavier Pentecôte	Xavier Pentecôte	http://fr.dbpedia.org/resource/Xavier_Pentecôte	http://dbpedia.org/resource/Xavier_Pentecôte
Xavier Pentecote	Xavier Pentecôte	http://fr.dbpedia.org/resource/Xavier_Pentecôte	http://dbpedia.org/resource/Xavier_Pentecôte
Xavier de Vignet	Xavier de Vignet	http://fr.dbpedia.org/resource/Xavier_de_Vignet
Xavi Rey	Xavi Rey	http://fr.dbpedia.org/resource/Xavi_Rey	http://dbpedia.org/resource/Xavi_Rey
Xavier Baronnet	Xavier Baronnet	http://fr.dbpedia.org/resource/Xavier_Baronnet	http://dbpedia.org/resource/Xavier-Marie_Baronnet
Xavier-Marie Baronnet	Xavier Baronnet	http://fr.dbpedia.org/resource/Xavier_Baronnet	http://dbpedia.org/resource/Xavier-Marie_Baronnet
Xavier Nessel	Xavier Nessel	http://fr.dbpedia.org/resource/Xavier_Nessel
Xavier Paul	Xavier Paul	http://fr.dbpedia.org/resource/Xavier_Paul	http://dbpedia.org/resource/Xavier_Paul
Xavier Montsalvatge	Xavier Montsalvatge	http://fr.dbpedia.org/resource/Xavier_Montsalvatge	http://dbpedia.org/resource/Xavier_Montsalvatge
Montsalvatge	Xavier Montsalvatge	http://fr.dbpedia.org/resource/Xavier_Montsalvatge	http://dbpedia.org/resource/Xavier_Montsalvatge
Xenia Goodwin	Xenia Goodwin	http://fr.dbpedia.org/resource/Xenia_Goodwin	http://dbpedia.org/resource/Xenia_Goodwin
Xhuliano Kamberaj	Xhuliano Kamberaj	http://fr.dbpedia.org/resource/Xhuliano_Kamberaj
Xeno Müller	Xeno Müller	http://fr.dbpedia.org/resource/Xeno_Müller	http://dbpedia.org/resource/Xeno_Müller
Xeno Mueller	Xeno Müller	http://fr.dbpedia.org/resource/Xeno_Müller	http://dbpedia.org/resource/Xeno_Müller
Xabier de Antoñana	Xabier de Antoñana	http://fr.dbpedia.org/resource/Xabier_de_Antoñana
Xu Tianlongzi	Xu Tianlongzi	http://fr.dbpedia.org/resource/Xu_Tianlongzi	http://dbpedia.org/resource/Xu_Tianlongzi
Xutian Longzi	Xu Tianlongzi	http://fr.dbpedia.org/resource/Xu_Tianlongzi	http://dbpedia.org/resource/Xu_Tianlongzi
Xavier Deluc	Xavier Deluc	http://fr.dbpedia.org/resource/Xavier_Deluc
Xavier Grall	Xavier Grall	http://fr.dbpedia.org/resource/Xavier_Grall	http://dbpedia.org/resource/Xavier_Grall
Xavier Avery	Xavier Avery	http://fr.dbpedia.org/resource/Xavier_Avery	http://dbpedia.org/resource/Xavier_Avery
Xavier Henry	Xavier Henry	http://fr.dbpedia.org/resource/Xavier_Henry	http://dbpedia.org/resource/Xavier_Henry
Xi Zhongxun	Xi Zhongxun	http://fr.dbpedia.org/resource/Xi_Zhongxun	http://dbpedia.org/resource/Xi_Zhongxun
Xavier Eluère	Xavier Eluère	http://fr.dbpedia.org/resource/Xavier_Eluère	http://dbpedia.org/resource/Xavier_Eluère
Xavier Brown	Xavier Brown	http://fr.dbpedia.org/resource/Xavier_Brown
Xu Wei	Xu Wei	http://fr.dbpedia.org/resource/Xu_Wei	http://dbpedia.org/resource/Xu_Wei
Xu Yi-Fan	Xu Yi Fan	http://fr.dbpedia.org/resource/Xu_Yi-Fan	http://dbpedia.org/resource/Xu_Yifan
Xénophon	Xénophon	http://fr.dbpedia.org/resource/Xénophon	http://dbpedia.org/resource/Xenophon
Xenophon	Xénophon	http://fr.dbpedia.org/resource/Xénophon	http://dbpedia.org/resource/Xenophon
Ξενοφῶν	Xénophon	http://fr.dbpedia.org/resource/Xénophon	http://dbpedia.org/resource/Xenophon
Xavier Aguado	Xavier Aguado	http://fr.dbpedia.org/resource/Xavier_Aguado	http://dbpedia.org/resource/Xavier_Aguado
Xavier de Rosnay	Xavier de Rosnay	http://fr.dbpedia.org/resource/Xavier_de_Rosnay
Xabi Castillo	Xabi Castillo	http://fr.dbpedia.org/resource/Xabi_Castillo	http://dbpedia.org/resource/Xabier_Castillo
Xavier Schoellkopf	Xavier Schoellkopf	http://fr.dbpedia.org/resource/Xavier_Schoellkopf	http://dbpedia.org/resource/Xavier_Schoellkopf
Xavier de Roux	Xavier de Roux	http://fr.dbpedia.org/resource/Xavier_de_Roux	http://dbpedia.org/resource/Xavier_de_Roux
Xavier de roux	Xavier de Roux	http://fr.dbpedia.org/resource/Xavier_de_Roux	http://dbpedia.org/resource/Xavier_de_Roux
Xavier Pintat	Xavier Pintat	http://fr.dbpedia.org/resource/Xavier_Pintat	http://dbpedia.org/resource/Xavier_Pintat
Xue Yuyang	Xue Yuyang	http://fr.dbpedia.org/resource/Xue_Yuyang	http://dbpedia.org/resource/Xue_Yuyang
Xu Dongxiang	Xu Dongxiang	http://fr.dbpedia.org/resource/Xu_Dongxiang	http://dbpedia.org/resource/Xu_Dongxiang
Dongxiang Xu	Xu Dongxiang	http://fr.dbpedia.org/resource/Xu_Dongxiang	http://dbpedia.org/resource/Xu_Dongxiang
Xia Yan	Xia Yan	http://fr.dbpedia.org/resource/Xia_Yan	http://dbpedia.org/resource/Xia_Yan
Xavier Maly	Xavier Maly	http://fr.dbpedia.org/resource/Xavier_Maly
Xavier Diskeuve	Xavier Diskeuve	http://fr.dbpedia.org/resource/Xavier_Diskeuve
Xie Jinyuan	Xie Jinyuan	http://fr.dbpedia.org/resource/Xie_Jinyuan	http://dbpedia.org/resource/Xie_Jinyuan
Xavier Laurent	Xavier Laurent	http://fr.dbpedia.org/resource/Xavier_Laurent	http://dbpedia.org/resource/Xavier_Laurent
Xue Haifeng	Xue Haifeng	http://fr.dbpedia.org/resource/Xue_Haifeng	http://dbpedia.org/resource/Xue_Haifeng
Xavi Metralla	Xavi Metralla	http://fr.dbpedia.org/resource/Xavi_Metralla
Xavier Escudero Gonzálvez	Xavi Metralla	http://fr.dbpedia.org/resource/Xavi_Metralla
Xavier Vallat	Xavier Vallat	http://fr.dbpedia.org/resource/Xavier_Vallat	http://dbpedia.org/resource/Xavier_Vallat
Xavier-joseph vallat	Xavier Vallat	http://fr.dbpedia.org/resource/Xavier_Vallat	http://dbpedia.org/resource/Xavier_Vallat
Xiomara Rivero	Xiomara Rivero	http://fr.dbpedia.org/resource/Xiomara_Rivero	http://dbpedia.org/resource/Xiomara_Rivero
Xavier Darcos	Xavier Darcos	http://fr.dbpedia.org/resource/Xavier_Darcos	http://dbpedia.org/resource/Xavier_Darcos
Laure Driant-Darcos	Xavier Darcos	http://fr.dbpedia.org/resource/Xavier_Darcos	http://dbpedia.org/resource/Xavier_Darcos
Darcos	Xavier Darcos	http://fr.dbpedia.org/resource/Xavier_Darcos	http://dbpedia.org/resource/Xavier_Darcos
Xavier Gens	Xavier Gens	http://fr.dbpedia.org/resource/Xavier_Gens	http://dbpedia.org/resource/Xavier_Gens
Xie Zhenye	Xie Zhenye	http://fr.dbpedia.org/resource/Xie_Zhenye	http://dbpedia.org/resource/Xie_Zhenye
Xavier Cugat	Xavier Cugat	http://fr.dbpedia.org/resource/Xavier_Cugat	http://dbpedia.org/resource/Xavier_Cugat
Xavier Jaillard	Xavier Jaillard	http://fr.dbpedia.org/resource/Xavier_Jaillard
XANA	XANA	http://fr.dbpedia.org/resource/XANA
Xavier Esnault	Xavier Esnault	http://fr.dbpedia.org/resource/Xavier_Esnault
Xavier esnault	Xavier Esnault	http://fr.dbpedia.org/resource/Xavier_Esnault
XIII (personnage)	XIII (personnage)	http://fr.dbpedia.org/resource/XIII_(personnage)
XIII	XIII (personnage)	http://fr.dbpedia.org/resource/XIII_(personnage)
Xiii	XIII (personnage)	http://fr.dbpedia.org/resource/XIII_(personnage)
Xavier Mussat	Xavier Mussat	http://fr.dbpedia.org/resource/Xavier_Mussat
Xaver Unsinn	Xaver Unsinn	http://fr.dbpedia.org/resource/Xaver_Unsinn	http://dbpedia.org/resource/Xaver_Unsinn
Xerxès d'Arménie	Xerxès d' Arménie	http://fr.dbpedia.org/resource/Xerxès_d'Arménie	http://dbpedia.org/resource/Xerxes_of_Armenia
Xerxés d’Arménie	Xerxès d' Arménie	http://fr.dbpedia.org/resource/Xerxès_d'Arménie	http://dbpedia.org/resource/Xerxes_of_Armenia
Xavier Le Roy	Xavier Le Roy	http://fr.dbpedia.org/resource/Xavier_Le_Roy
Xavi Torres	Xavi Torres	http://fr.dbpedia.org/resource/Xavi_Torres	http://dbpedia.org/resource/Xavi_Torres
Xavier Galmiche	Xavier Galmiche	http://fr.dbpedia.org/resource/Xavier_Galmiche
Xavier Palud	Xavier Palud	http://fr.dbpedia.org/resource/Xavier_Palud
Xabi Molia	Xabi Molia	http://fr.dbpedia.org/resource/Xabi_Molia
Xavier Letourneur	Xavier Letourneur	http://fr.dbpedia.org/resource/Xavier_Letourneur
Xavier Kapfer	Xavier Kapfer	http://fr.dbpedia.org/resource/Xavier_Kapfer
Xaver Schwarzenberger	Xaver Schwarzenberger	http://fr.dbpedia.org/resource/Xaver_Schwarzenberger	http://dbpedia.org/resource/Xaver_Schwarzenberger
Xenia Tchoumitcheva	Xenia Tchoumitcheva	http://fr.dbpedia.org/resource/Xenia_Tchoumitcheva	http://dbpedia.org/resource/Xenia_Tchoumitcheva
Xavier Darasse	Xavier Darasse	http://fr.dbpedia.org/resource/Xavier_Darasse
Xavier Bertoni	Xavier Bertoni	http://fr.dbpedia.org/resource/Xavier_Bertoni	http://dbpedia.org/resource/Xavier_Bertoni
Xavier Samin	Xavier Samin	http://fr.dbpedia.org/resource/Xavier_Samin	http://dbpedia.org/resource/Xavier_Samin
Xavier Jan	Xavier Jan	http://fr.dbpedia.org/resource/Xavier_Jan
Xavier McDaniel	Xavier McDaniel	http://fr.dbpedia.org/resource/Xavier_McDaniel	http://dbpedia.org/resource/Xavier_McDaniel
Xabi Aburruzaga	Xabi Aburruzaga	http://fr.dbpedia.org/resource/Xabi_Aburruzaga	http://dbpedia.org/resource/Xabi_Aburruzaga
Xavier Viton	Xavier Viton	http://fr.dbpedia.org/resource/Xavier_Viton
Xavier VITON	Xavier Viton	http://fr.dbpedia.org/resource/Xavier_Viton
Xavier Chen	Xavier Chen	http://fr.dbpedia.org/resource/Xavier_Chen	http://dbpedia.org/resource/Xavier_Chen
Xiao Tong	Xiao Tong	http://fr.dbpedia.org/resource/Xiao_Tong	http://dbpedia.org/resource/Xiao_Tong
Xavier Chalier	Xavier Chalier	http://fr.dbpedia.org/resource/Xavier_Chalier
Xavier-Robert François	Xavier Robert François	http://fr.dbpedia.org/resource/Xavier-Robert_François
Xavian Virgo	Xavian Virgo	http://fr.dbpedia.org/resource/Xavian_Virgo	http://dbpedia.org/resource/Xavean_Virgo
Xavean Virgo	Xavian Virgo	http://fr.dbpedia.org/resource/Xavian_Virgo	http://dbpedia.org/resource/Xavean_Virgo
Xavier Ruas	Xavier Ruas	http://fr.dbpedia.org/resource/Xavier_Ruas
Xavier de La Chapelle	Xavier de La Chapelle	http://fr.dbpedia.org/resource/Xavier_de_La_Chapelle
Xavier de la chapelle	Xavier de La Chapelle	http://fr.dbpedia.org/resource/Xavier_de_La_Chapelle
Xu Demei	Xu Demei	http://fr.dbpedia.org/resource/Xu_Demei	http://dbpedia.org/resource/Xu_Demei
Xiao Qin	Xiao Qin	http://fr.dbpedia.org/resource/Xiao_Qin	http://dbpedia.org/resource/Xiao_Qin
Qin Xiao	Xiao Qin	http://fr.dbpedia.org/resource/Xiao_Qin	http://dbpedia.org/resource/Xiao_Qin
Xanana Gusmão	Xanana Gusmão	http://fr.dbpedia.org/resource/Xanana_Gusmão	http://dbpedia.org/resource/Xanana_Gusmão
Xanana Gusmao	Xanana Gusmão	http://fr.dbpedia.org/resource/Xanana_Gusmão	http://dbpedia.org/resource/Xanana_Gusmão
Xavier Thames	Xavier Thames	http://fr.dbpedia.org/resource/Xavier_Thames	http://dbpedia.org/resource/Xavier_Thames
Xavier Giannoli	Xavier Giannoli	http://fr.dbpedia.org/resource/Xavier_Giannoli	http://dbpedia.org/resource/Xavier_Giannoli
Xavier Desandre Navarre	Xavier Desandre Navarre	http://fr.dbpedia.org/resource/Xavier_Desandre_Navarre	http://dbpedia.org/resource/Xavier_Desandre_Navarre
Xavier Desandre	Xavier Desandre Navarre	http://fr.dbpedia.org/resource/Xavier_Desandre_Navarre	http://dbpedia.org/resource/Xavier_Desandre_Navarre
Xavier Daramy	Xavier Daramy	http://fr.dbpedia.org/resource/Xavier_Daramy
Xavier Lassalle	Xavier Lassalle	http://fr.dbpedia.org/resource/Xavier_Lassalle
Xenophón Zolótas	Xenophón Zolótas	http://fr.dbpedia.org/resource/Xenophón_Zolótas	http://dbpedia.org/resource/Xenophon_Zolotas
Xenophon Zolotas	Xenophón Zolótas	http://fr.dbpedia.org/resource/Xenophón_Zolótas	http://dbpedia.org/resource/Xenophon_Zolotas
Xénophon Zolotas	Xenophón Zolótas	http://fr.dbpedia.org/resource/Xenophón_Zolótas	http://dbpedia.org/resource/Xenophon_Zolotas
Xenophon Overton Pindall	Xenophon Overton Pindall	http://fr.dbpedia.org/resource/Xenophon_Overton_Pindall	http://dbpedia.org/resource/Xenophon_Overton_Pindall
Xavi	Xavi	http://fr.dbpedia.org/resource/Xavi	http://dbpedia.org/resource/Xavi
Xavi Hernandez	Xavi	http://fr.dbpedia.org/resource/Xavi	http://dbpedia.org/resource/Xavi
Xavi Hernández	Xavi	http://fr.dbpedia.org/resource/Xavi	http://dbpedia.org/resource/Xavi
Xavier Hernández	Xavi	http://fr.dbpedia.org/resource/Xavi	http://dbpedia.org/resource/Xavi
Xavier Hernández Creus	Xavi	http://fr.dbpedia.org/resource/Xavi	http://dbpedia.org/resource/Xavi
Xavier Veilhan	Xavier Veilhan	http://fr.dbpedia.org/resource/Xavier_Veilhan	http://dbpedia.org/resource/Xavier_Veilhan
Xavier-Marie Bonnot	Xavier Marie Bonnot	http://fr.dbpedia.org/resource/Xavier-Marie_Bonnot
Xavier Givaudan	Xavier Givaudan	http://fr.dbpedia.org/resource/Xavier_Givaudan
Xavier Dolan	Xavier Dolan	http://fr.dbpedia.org/resource/Xavier_Dolan	http://dbpedia.org/resource/Xavier_Dolan
Sons of Manual	Xavier Dolan	http://fr.dbpedia.org/resource/Xavier_Dolan	http://dbpedia.org/resource/Xavier_Dolan
Xavier Dolan-Tadros	Xavier Dolan	http://fr.dbpedia.org/resource/Xavier_Dolan	http://dbpedia.org/resource/Xavier_Dolan
Xiao Qiang	Xiao Qiang	http://fr.dbpedia.org/resource/Xiao_Qiang	http://dbpedia.org/resource/Xiao_Qiang
Xavier Hamelin	Xavier Hamelin	http://fr.dbpedia.org/resource/Xavier_Hamelin
Xavier Hosten	Xavier Hosten	http://fr.dbpedia.org/resource/Xavier_Hosten
Xénarque de Séleucie	Xénarque de Séleucie	http://fr.dbpedia.org/resource/Xénarque_de_Séleucie	http://dbpedia.org/resource/Xenarchus_of_Seleucia
Xenarchos de Séleucie	Xénarque de Séleucie	http://fr.dbpedia.org/resource/Xénarque_de_Séleucie	http://dbpedia.org/resource/Xenarchus_of_Seleucia
Xenarque de Séleucie	Xénarque de Séleucie	http://fr.dbpedia.org/resource/Xénarque_de_Séleucie	http://dbpedia.org/resource/Xenarchus_of_Seleucia
Xavier de Moulins	Xavier de Moulins	http://fr.dbpedia.org/resource/Xavier_de_Moulins
Xavier de moulins	Xavier de Moulins	http://fr.dbpedia.org/resource/Xavier_de_Moulins
Xavier Géronimi	Xavier Géronimi	http://fr.dbpedia.org/resource/Xavier_Géronimi
Xavier Géromini	Xavier Géronimi	http://fr.dbpedia.org/resource/Xavier_Géronimi
Xanthippe (femme)	Xanthippe (femme)	http://fr.dbpedia.org/resource/Xanthippe_(femme)	http://dbpedia.org/resource/Xanthippe
Xavier Niel	Xavier Niel	http://fr.dbpedia.org/resource/Xavier_Niel	http://dbpedia.org/resource/Xavier_Niel
Xavier Caers	Xavier Caers	http://fr.dbpedia.org/resource/Xavier_Caers
Xavier Kouassi	Xavier Kouassi	http://fr.dbpedia.org/resource/Xavier_Kouassi	http://dbpedia.org/resource/Xavier_Kouassi
Xavier de France	Xavier de France	http://fr.dbpedia.org/resource/Xavier_de_France	http://dbpedia.org/resource/Xavier,_Duke_of_Aquitaine
Xavier de france	Xavier de France	http://fr.dbpedia.org/resource/Xavier_de_France	http://dbpedia.org/resource/Xavier,_Duke_of_Aquitaine
Xavier Gravelaine	Xavier Gravelaine	http://fr.dbpedia.org/resource/Xavier_Gravelaine	http://dbpedia.org/resource/Xavier_Gravelaine
Gravelaine	Xavier Gravelaine	http://fr.dbpedia.org/resource/Xavier_Gravelaine	http://dbpedia.org/resource/Xavier_Gravelaine
Xie Yuxin	Xie Yuxin	http://fr.dbpedia.org/resource/Xie_Yuxin	http://dbpedia.org/resource/Xie_Yuxin
Xavier Cheneseau	Xavier Cheneseau	http://fr.dbpedia.org/resource/Xavier_Cheneseau
Xavi Roca	Xavi Roca	http://fr.dbpedia.org/resource/Xavi_Roca	http://dbpedia.org/resource/Xavier_Roca_Mateo
Xavier Roca	Xavi Roca	http://fr.dbpedia.org/resource/Xavi_Roca	http://dbpedia.org/resource/Xavier_Roca_Mateo
Xavier Rush	Xavier Rush	http://fr.dbpedia.org/resource/Xavier_Rush	http://dbpedia.org/resource/Xavier_Rush
Xerxès II	Xerxès II	http://fr.dbpedia.org/resource/Xerxès_II	http://dbpedia.org/resource/Xerxes_II_of_Persia
Xerxes II	Xerxès II	http://fr.dbpedia.org/resource/Xerxès_II	http://dbpedia.org/resource/Xerxes_II_of_Persia
Xavier Silas	Xavier Silas	http://fr.dbpedia.org/resource/Xavier_Silas	http://dbpedia.org/resource/Xavier_Silas
Xu Zhiyong	Xu Zhiyong	http://fr.dbpedia.org/resource/Xu_Zhiyong	http://dbpedia.org/resource/Xu_Zhiyong
Xing Xing Cheng	Xing Xing Cheng	http://fr.dbpedia.org/resource/Xing_Xing_Cheng
Xiong Xianghui	Xiong Xianghui	http://fr.dbpedia.org/resource/Xiong_Xianghui	http://dbpedia.org/resource/Xiong_Xianghui
Xavier Breton	Xavier Breton	http://fr.dbpedia.org/resource/Xavier_Breton	http://dbpedia.org/resource/Xavier_Breton
Xavier Houssin	Xavier Houssin	http://fr.dbpedia.org/resource/Xavier_Houssin
Xavier Mathieu	Xavier Mathieu	http://fr.dbpedia.org/resource/Xavier_Mathieu
Xue Ruihong	Xue Ruihong	http://fr.dbpedia.org/resource/Xue_Ruihong
Xavier Scruggs	Xavier Scruggs	http://fr.dbpedia.org/resource/Xavier_Scruggs	http://dbpedia.org/resource/Xavier_Scruggs
Xavier Huetz de Lemps	Xavier Huetz de Lemps	http://fr.dbpedia.org/resource/Xavier_Huetz_de_Lemps
Xing Yu	Xing Yu	http://fr.dbpedia.org/resource/Xing_Yu	http://dbpedia.org/resource/Xing_Yu
Xabier Prieto	Xabier Prieto	http://fr.dbpedia.org/resource/Xabier_Prieto	http://dbpedia.org/resource/Xabi_Prieto
Xabi Prieto	Xabier Prieto	http://fr.dbpedia.org/resource/Xabier_Prieto	http://dbpedia.org/resource/Xabi_Prieto
Xemnu	Xemnu	http://fr.dbpedia.org/resource/Xemnu	http://dbpedia.org/resource/Xemnu
Xavier Rudd	Xavier Rudd	http://fr.dbpedia.org/resource/Xavier_Rudd	http://dbpedia.org/resource/Xavier_Rudd
Xavier de Gaulle	Xavier de Gaulle	http://fr.dbpedia.org/resource/Xavier_de_Gaulle
Xavier Gabaix	Xavier Gabaix	http://fr.dbpedia.org/resource/Xavier_Gabaix	http://dbpedia.org/resource/Xavier_Gabaix
Xavier Léon-Dufour	Xavier Léon Dufour	http://fr.dbpedia.org/resource/Xavier_Léon-Dufour	http://dbpedia.org/resource/Xavier_Léon-Dufour
Xavier léon-dufour	Xavier Léon Dufour	http://fr.dbpedia.org/resource/Xavier_Léon-Dufour	http://dbpedia.org/resource/Xavier_Léon-Dufour
Xavier Leon-Dufour	Xavier Léon Dufour	http://fr.dbpedia.org/resource/Xavier_Léon-Dufour	http://dbpedia.org/resource/Xavier_Léon-Dufour
X-Men	X Men	http://fr.dbpedia.org/resource/X-Men	http://dbpedia.org/resource/X-Men
Astonishing X-Men	X Men	http://fr.dbpedia.org/resource/X-Men	http://dbpedia.org/resource/X-Men
Les X-Men	X Men	http://fr.dbpedia.org/resource/X-Men	http://dbpedia.org/resource/X-Men
Les X-men	X Men	http://fr.dbpedia.org/resource/X-Men	http://dbpedia.org/resource/X-Men
Les x-men	X Men	http://fr.dbpedia.org/resource/X-Men	http://dbpedia.org/resource/X-Men
New X-Men	X Men	http://fr.dbpedia.org/resource/X-Men	http://dbpedia.org/resource/X-Men
Uncanny X-Men	X Men	http://fr.dbpedia.org/resource/X-Men	http://dbpedia.org/resource/X-Men
X-MEN	X Men	http://fr.dbpedia.org/resource/X-Men	http://dbpedia.org/resource/X-Men
X-men	X Men	http://fr.dbpedia.org/resource/X-Men	http://dbpedia.org/resource/X-Men
X men	X Men	http://fr.dbpedia.org/resource/X-Men	http://dbpedia.org/resource/X-Men
Xmen	X Men	http://fr.dbpedia.org/resource/X-Men	http://dbpedia.org/resource/X-Men
Xavier Emmanuelli	Xavier Emmanuelli	http://fr.dbpedia.org/resource/Xavier_Emmanuelli
